col_00,col_01,col_02,col_03,col_04,col_05,col_06,col_07,col_08,col_09,col_10,col_11,col_12,col_13,col_14
92.0,39.0,26.0,0.0,36.0,34.0,0.0,0.0,0.0,0.0,0.0,75.0,0.0,17.0,16.0
0.0,0.0,45.0,0.0,77.0,0.0,0.0,0.0,29.0,49.0,7.0,45.0,25.0,0.0,0.0
45.0,70.0,78.0,82.0,2.0,0.0,20.0,0.0,55.0,0.0,72.0,0.0,0.0,0.0,45.0
1.0,0.0,23.0,0.0,0.0,0.0,10.0,0.0,0.0,0.0,36.0,1.0,59.0,17.0,0.0
0.0,0.0,0.0,0.0,33.0,63.0,0.0,54.0,0.0,0.0,29.0,0.0,70.0,30.0,85.0
63.0,0.0,66.0,0.0,37.0,75.0,17.0,0.0,0.0,0.0,84.0,0.0,74.0,0.0,58.0
10.0,29.0,0.0,0.0,14.0,53.0,51.0,0.0,16.0,0.0,0.0,74.0,69.0,0.0,0.0
0.0,0.0,10.0,0.0,0.0,60.0,10.0,0.0,56.0,97.0,24.0,73.0,15.0,0.0,0.0
0.0,46.0,84.0,0.0,0.0,0.0,91.0,0.0,24.0,64.0,0.0,0.0,0.0,67.0,95.0
0.0,16.0,47.0,0.0,0.0,89.0,0.0,0.0,0.0,0.0,0.0,0.0,0.0,1.0,44.0
10.0,0.0,53.0,0.0,0.0,41.0,0.0,0.0,0.0,26.0,0.0,94.0,0.0,30.0,82.0
41.0,36.0,65.0,80.0,0.0,34.0,94.0,44.0,2.0,0.0,0.0,0.0,0.0,60.0,0.0
38.0,0.0,0.0,38.0,0.0,30.0,0.0,96.0,86.0,0.0,20.0,58.0,0.0,0.0,54.0
86.0,0.0,0.0,33.0,0.0,0.0,96.0,64.0,85.0,0.0,81.0,47.0,41.0,0.0,32.0
0.0,0.0,0.0,0.0,0.0,0.0,43.0,73.0,71.0,0.0,44.0,0.0,0.0,0.0,0.0
72.0,87.0,65.0,0.0,0.0,53.0,0.0,0.0,71.0,0.0,45.0,0.0,0.0,0.0,0.0
95.0,0.0,0.0,67.0,22.0,18.0,0.0,0.0,34.0,46.0,97.0,0.0,0.0,0.0,0.0
0.0,19.0,15.0,0.0,0.0,20.0,0.0,36.0,0.0,21.0,16.0,70.0,15.0,0.0,20.0
14.0,0.0,0.0,0.0,0.0,47.0,6.0,0.0,0.0,74.0,92.0,36.0,29.0,0.0,39.0
43.0,0.0,0.0,0.0,65.0,24.0,0.0,0.0,0.0,13.0,14.0,0.0,34.0,0.0,0.0
81.0,0.0,23.0,51.0,47.0,79.0,0.0,0.0,0.0,59.0,0.0,98.0,0.0,0.0,80.0
87.0,83.0,69.0,0.0,85.0,0.0,0.0,15.0,0.0,59.0,0.0,0.0,0.0,13.0,90.0
0.0,83.0,76.0,0.0,96.0,0.0,55.0,80.0,3.0,0.0,53.0,0.0,0.0,0.0,54.0
13.0,47.0,61.0,23.0,84.0,0.0,44.0,1.0,38.0,0.0,4.0,10.0,0.0,0.0,0.0
84.0,0.0,78.0,0.0,0.0,74.0,39.0,0.0,34.0,0.0,95.0,0.0,0.0,0.0,63.0
0.0,0.0,88.0,0.0,68.0,0.0,86.0,30.0,79.0,0.0,0.0,0.0,0.0,0.0,0.0
0.0,0.0,32.0,68.0,46.0,0.0,0.0,43.0,0.0,33.0,0.0,56.0,59.0,0.0,0.0
32.0,51.0,36.0,45.0,0.0,27.0,0.0,7.0,0.0,94.0,31.0,0.0,0.0,24.0,0.0
0.0,0.0,21.0,0.0,49.0,33.0,0.0,24.0,99.0,42.0,83.0,72.0,73.0,14.0,91.0
0.0,0.0,3.0,0.0,0.0,37.0,44.0,0.0,54.0,97.0,16.0,12.0,53.0,0.0,18.0
69.0,40.0,0.0,3.0,13.0,26.0,0.0,69.0,0.0,58.0,64.0,0.0,5.0,0.0,37.0
2.0,41.0,0.0,32.0,0.0,0.0,0.0,85.0,0.0,0.0,81.0,55.0,89.0,80.0,99.0
66.0,0.0,84.0,6.0,0.0,96.0,0.0,1.0,0.0,59.0,81.0,53.0,76.0,39.0,0.0
0.0,87.0,5.0,0.0,0.0,0.0,78.0,61.0,40.0,0.0,31.0,0.0,0.0,0.0,0.0
11.0,0.0,34.0,0.0,0.0,79.0,0.0,0.0,49.0,0.0,0.0,75.0,0.0,0.0,0.0
53.0,0.0,0.0,0.0,0.0,0.0,0.0,82.0,89.0,0.0,87.0,0.0,0.0,0.0,0.0
4.0,89.0,0.0,51.0,27.0,39.0,51.0,0.0,98.0,10.0,0.0,0.0,12.0,21.0,0.0
0.0,95.0,77.0,0.0,0.0,0.0,0.0,0.0,0.0,78.0,0.0,53.0,0.0,0.0,83.0
0.0,0.0,8.0,0.0,0.0,0.0,0.0,54.0,75.0,0.0,44.0,0.0,82.0,0.0,0.0
0.0,31.0,0.0,49.0,33.0,4.0,0.0,0.0,0.0,29.0,0.0,36.0,42.0,32.0,60.0
0.0,0.0,74.0,61.0,34.0,0.0,24.0,0.0,60.0,13.0,0.0,6.0,75.0,62.0,60.0
0.0,61.0,29.0,0.0,31.0,13.0,80.0,81.0,0.0,63.0,0.0,0.0,0.0,98.0,0.0
12.0,0.0,0.0,0.0,0.0,0.0,0.0,82.0,0.0,67.0,0.0,9.0,69.0,88.0,0.0
0.0,0.0,0.0,0.0,0.0,0.0,86.0,0.0,71.0,0.0,0.0,62.0,7.0,62.0,0.0
95.0,0.0,11.0,27.0,0.0,0.0,77.0,0.0,27.0,15.0,0.0,58.0,0.0,14.0,32.0
0.0,0.0,0.0,0.0,0.0,0.0,79.0,19.0,36.0,1.0,0.0,0.0,80.0,63.0,36.0
96.0,85.0,42.0,0.0,66.0,0.0,73.0,11.0,23.0,0.0,0.0,41.0,0.0,68.0,98.0
0.0,3.0,0.0,64.0,49.0,0.0,0.0,0.0,0.0,0.0,56.0,38.0,36.0,0.0,0.0
0.0,0.0,0.0,0.0,0.0,3.0,53.0,48.0,22.0,59.0,0.0,0.0,0.0,93.0,0.0
98.0,68.0,0.0,90.0,92.0,0.0,0.0,93.0,36.0,0.0,0.0,39.0,11.0,0.0,92.0
44.0,80.0,0.0,0.0,18.0,33.0,0.0,0.0,18.0,0.0,0.0,0.0,22.0,0.0,29.0
1.0,0.0,46.0,79.0,80.0,50.0,0.0,62.0,13.0,0.0,95.0,67.0,0.0,30.0,0.0
0.0,0.0,13.0,0.0,63.0,0.0,3.0,0.0,96.0,47.0,0.0,0.0,0.0,46.0,17.0
0.0,46.0,58.0,79.0,0.0,82.0,44.0,0.0,0.0,95.0,0.0,0.0,0.0,85.0,1.0
0.0,71.0,0.0,0.0,0.0,55.0,0.0,96.0,0.0,0.0,0.0,0.0,0.0,28.0,0.0
69.0,98.0,0.0,49.0,6.0,0.0,36.0,0.0,0.0,11.0,0.0,0.0,0.0,0.0,0.0
3.0,74.0,0.0,0.0,65.0,0.0,35.0,31.0,0.0,37.0,0.0,20.0,90.0,0.0,82.0
0.0,0.0,75.0,0.0,0.0,0.0,0.0,0.0,38.0,99.0,0.0,0.0,23.0,7.0,55.0
8.0,58.0,85.0,0.0,25.0,58.0,88.0,0.0,0.0,85.0,68.0,0.0,0.0,74.0,87.0
0.0,0.0,78.0,0.0,0.0,0.0,0.0,0.0,79.0,66.0,0.0,0.0,50.0,0.0,0.0
72.0,0.0,50.0,57.0,40.0,85.0,0.0,81.0,0.0,45.0,63.0,90.0,0.0,0.0,0.0
7.0,72.0,22.0,0.0,0.0,0.0,72.0,0.0,0.0,0.0,61.0,56.0,0.0,0.0,14.0
33.0,9.0,91.0,30.0,76.0,93.0,0.0,0.0,39.0,0.0,69.0,0.0,14.0,0.0,89.0
0.0,0.0,0.0,8.0,0.0,63.0,45.0,86.0,83.0,0.0,0.0,58.0,0.0,0.0,0.0
0.0,0.0,78.0,0.0,0.0,46.0,56.0,61.0,60.0,0.0,48.0,0.0,42.0,0.0,0.0
68.0,79.0,0.0,0.0,0.0,63.0,50.0,49.0,79.0,0.0,0.0,0.0,15.0,70.0,0.0
88.0,98.0,18.0,9.0,2.0,0.0,84.0,78.0,0.0,47.0,0.0,0.0,96.0,54.0,0.0
0.0,65.0,0.0,0.0,0.0,0.0,74.0,68.0,0.0,0.0,12.0,89.0,0.0,0.0,14.0
2.0,0.0,78.0,0.0,0.0,0.0,0.0,23.0,0.0,0.0,0.0,95.0,0.0,51.0,26.0
37.0,0.0,30.0,94.0,0.0,0.0,0.0,0.0,56.0,73.0,29.0,42.0,18.0,7.0,0.0
0.0,86.0,24.0,48.0,41.0,97.0,0.0,34.0,0.0,66.0,25.0,0.0,60.0,0.0,16.0
0.0,64.0,0.0,77.0,0.0,0.0,0.0,67.0,95.0,32.0,0.0,0.0,0.0,0.0,9.0
0.0,17.0,25.0,4.0,0.0,0.0,0.0,0.0,0.0,0.0,0.0,0.0,0.0,93.0,26.0
21.0,0.0,0.0,0.0,27.0,48.0,0.0,47.0,0.0,55.0,0.0,0.0,0.0,21.0,0.0
0.0,0.0,45.0,0.0,0.0,0.0,0.0,0.0,0.0,92.0,57.0,15.0,0.0,0.0,0.0
74.0,0.0,0.0,0.0,0.0,0.0,39.0,0.0,63.0,88.0,12.0,0.0,0.0,17.0,76.0
5.0,80.0,0.0,84.0,0.0,10.0,57.0,0.0,0.0,0.0,16.0,12.0,79.0,0.0,96.0
8.0,0.0,0.0,0.0,54.0,48.0,69.0,0.0,94.0,51.0,59.0,0.0,0.0,98.0,0.0
0.0,0.0,0.0,56.0,0.0,72.0,0.0,0.0,0.0,0.0,0.0,60.0,41.0,0.0,88.0
35.0,0.0,52.0,70.0,0.0,74.0,0.0,86.0,0.0,0.0,0.0,47.0,23.0,46.0,0.0
74.0,0.0,0.0,0.0,0.0,83.0,0.0,92.0,0.0,0.0,42.0,75.0,0.0,59.0,0.0
2.0,43.0,0.0,34.0,0.0,0.0,68.0,0.0,0.0,81.0,22.0,52.0,0.0,0.0,0.0
14.0,0.0,41.0,87.0,3.0,71.0,0.0,0.0,8.0,0.0,0.0,0.0,60.0,0.0,84.0
90.0,0.0,0.0,0.0,0.0,8.0,0.0,31.0,0.0,0.0,85.0,0.0,0.0,50.0,73.0
0.0,13.0,0.0,25.0,25.0,0.0,0.0,11.0,0.0,6.0,0.0,87.0,0.0,83.0,67.0
47.0,2.0,64.0,91.0,0.0,46.0,0.0,0.0,24.0,0.0,63.0,58.0,14.0,98.0,60.0
0.0,67.0,36.0,98.0,17.0,0.0,0.0,97.0,0.0,0.0,57.0,0.0,72.0,0.0,0.0
76.0,0.0,65.0,28.0,0.0,92.0,0.0,0.0,4.0,1.0,0.0,7.0,0.0,12.0,56.0
56.0,33.0,0.0,41.0,0.0,77.0,0.0,34.0,0.0,8.0,73.0,22.0,0.0,86.0,48.0
0.0,0.0,30.0,0.0,12.0,0.0,0.0,0.0,0.0,34.0,28.0,66.0,0.0,83.0,0.0
89.0,0.0,0.0,0.0,68.0,88.0,20.0,0.0,6.0,0.0,0.0,0.0,99.0,0.0,48.0
71.0,0.0,99.0,0.0,85.0,0.0,53.0,94.0,0.0,0.0,30.0,25.0,0.0,4.0,0.0
53.0,0.0,0.0,25.0,16.0,0.0,0.0,40.0,26.0,0.0,0.0,0.0,0.0,0.0,0.0
76.0,0.0,0.0,2.0,0.0,0.0,58.0,42.0,0.0,95.0,44.0,13.0,22.0,63.0,66.0
0.0,12.0,0.0,0.0,15.0,85.0,72.0,0.0,16.0,43.0,0.0,0.0,0.0,37.0,0.0
0.0,0.0,66.0,0.0,0.0,0.0,50.0,96.0,0.0,0.0,0.0,95.0,44.0,1.0,0.0
6.0,59.0,93.0,11.0,0.0,11.0,0.0,0.0,0.0,0.0,43.0,17.0,33.0,0.0,0.0
0.0,46.0,79.0,4.0,79.0,0.0,21.0,39.0,0.0,4.0,58.0,0.0,88.0,62.0,82.0
91.0,38.0,0.0,0.0,0.0,74.0,0.0,35.0,0.0,13.0,31.0,90.0,0.0,0.0,5.0
0.0,80.0,0.0,0.0,42.0,51.0,0.0,0.0,0.0,0.0,85.0,79.0,0.0,0.0,38.0
0.0,0.0,0.0,4.0,20.0,0.0,0.0,0.0,9.0,49.0,0.0,53.0,17.0,12.0,6.0
28.0,0.0,18.0,0.0,0.0,19.0,67.0,7.0,54.0,69.0,90.0,0.0,62.0,0.0,0.0
62.0,0.0,0.0,39.0,34.0,2.0,69.0,57.0,0.0,33.0,0.0,0.0,0.0,95.0,0.0
0.0,0.0,0.0,0.0,25.0,0.0,39.0,51.0,0.0,42.0,0.0,53.0,0.0,0.0,0.0
27.0,85.0,0.0,47.0,0.0,0.0,0.0,22.0,0.0,94.0,0.0,0.0,44.0,0.0,0.0
0.0,23.0,0.0,61.0,62.0,0.0,11.0,0.0,0.0,0.0,66.0,0.0,0.0,0.0,76.0
0.0,0.0,5.0,0.0,57.0,54.0,0.0,47.0,0.0,83.0,0.0,17.0,69.0,10.0,0.0
0.0,10.0,23.0,89.0,75.0,16.0,58.0,43.0,4.0,56.0,0.0,0.0,0.0,69.0,31.0
0.0,58.0,0.0,21.0,57.0,0.0,5.0,0.0,0.0,0.0,60.0,75.0,0.0,0.0,27.0
0.0,0.0,67.0,34.0,0.0,0.0,39.0,98.0,21.0,86.0,21.0,69.0,0.0,0.0,0.0
0.0,0.0,0.0,0.0,54.0,0.0,74.0,0.0,6.0,59.0,0.0,46.0,0.0,51.0,33.0
0.0,60.0,91.0,2.0,29.0,0.0,0.0,0.0,37.0,0.0,0.0,0.0,10.0,0.0,0.0
0.0,2.0,56.0,0.0,0.0,59.0,0.0,0.0,0.0,17.0,0.0,0.0,0.0,0.0,0.0
97.0,0.0,12.0,0.0,11.0,0.0,73.0,0.0,0.0,19.0,0.0,0.0,56.0,6.0,0.0
90.0,0.0,0.0,74.0,0.0,44.0,31.0,0.0,0.0,0.0,0.0,0.0,49.0,73.0,96.0
0.0,25.0,0.0,0.0,0.0,0.0,0.0,55.0,7.0,49.0,0.0,38.0,68.0,36.0,0.0
99.0,0.0,0.0,65.0,72.0,0.0,0.0,77.0,74.0,0.0,68.0,0.0,40.0,0.0,0.0
0.0,0.0,73.0,53.0,0.0,0.0,0.0,0.0,0.0,54.0,0.0,0.0,0.0,93.0,92.0
0.0,0.0,0.0,0.0,0.0,0.0,3.0,87.0,54.0,0.0,0.0,0.0,0.0,89.0,0.0
0.0,0.0,71.0,0.0,53.0,64.0,96.0,0.0,0.0,97.0,74.0,0.0,32.0,98.0,0.0
8.0,0.0,15.0,0.0,0.0,15.0,64.0,47.0,41.0,85.0,0.0,89.0,0.0,0.0,0.0
0.0,98.0,0.0,0.0,0.0,0.0,71.0,0.0,42.0,0.0,98.0,0.0,0.0,11.0,19.0
0.0,0.0,0.0,82.0,84.0,15.0,32.0,55.0,67.0,0.0,0.0,0.0,0.0,39.0,0.0
55.0,91.0,60.0,0.0,0.0,0.0,0.0,0.0,0.0,91.0,0.0,50.0,53.0,39.0,93.0
64.0,56.0,17.0,88.0,19.0,97.0,0.0,94.0,88.0,98.0,46.0,64.0,0.0,43.0,0.0
7.0,76.0,20.0,43.0,0.0,55.0,12.0,72.0,0.0,0.0,0.0,0.0,0.0,5.0,42.0
0.0,0.0,6.0,83.0,0.0,0.0,0.0,32.0,49.0,0.0,0.0,28.0,9.0,0.0,52.0
0.0,61.0,0.0,46.0,0.0,0.0,0.0,0.0,99.0,0.0,55.0,22.0,45.0,57.0,31.0
32.0,53.0,0.0,0.0,10.0,0.0,73.0,0.0,31.0,0.0,91.0,0.0,0.0,0.0,0.0
0.0,17.0,0.0,0.0,6.0,85.0,29.0,0.0,45.0,0.0,0.0,0.0,30.0,0.0,0.0
82.0,40.0,0.0,0.0,0.0,0.0,0.0,0.0,0.0,0.0,0.0,0.0,0.0,0.0,0.0
0.0,47.0,8.0,0.0,44.0,0.0,2.0,0.0,0.0,89.0,32.0,0.0,42.0,95.0,28.0
0.0,0.0,0.0,72.0,80.0,0.0,0.0,0.0,0.0,6.0,78.0,39.0,0.0,15.0,0.0
0.0,13.0,12.0,99.0,61.0,0.0,64.0,0.0,0.0,47.0,0.0,52.0,0.0,19.0,0.0
0.0,0.0,14.0,69.0,83.0,88.0,0.0,0.0,0.0,21.0,0.0,0.0,9.0,0.0,15.0
95.0,7.0,0.0,0.0,19.0,48.0,0.0,0.0,0.0,0.0,21.0,29.0,82.0,0.0,33.0
0.0,1.0,0.0,63.0,83.0,76.0,0.0,66.0,0.0,94.0,0.0,5.0,87.0,0.0,0.0
82.0,0.0,0.0,85.0,72.0,69.0,0.0,57.0,44.0,80.0,0.0,0.0,14.0,77.0,87.0
12.0,0.0,0.0,0.0,68.0,31.0,0.0,0.0,70.0,65.0,0.0,0.0,0.0,85.0,0.0
12.0,78.0,9.0,87.0,47.0,0.0,72.0,0.0,0.0,0.0,0.0,0.0,1.0,0.0,20.0
83.0,0.0,0.0,15.0,13.0,13.0,17.0,9.0,0.0,0.0,85.0,0.0,85.0,0.0,10.0
88.0,0.0,80.0,4.0,0.0,0.0,73.0,64.0,66.0,0.0,0.0,0.0,5.0,0.0,84.0
0.0,0.0,43.0,0.0,0.0,64.0,0.0,0.0,0.0,61.0,71.0,86.0,0.0,0.0,0.0
0.0,64.0,0.0,79.0,53.0,97.0,78.0,61.0,0.0,0.0,0.0,79.0,0.0,0.0,0.0
82.0,0.0,0.0,0.0,0.0,21.0,0.0,28.0,0.0,43.0,79.0,85.0,0.0,0.0,0.0
0.0,1.0,0.0,0.0,0.0,0.0,70.0,0.0,0.0,0.0,60.0,0.0,62.0,0.0,0.0
80.0,0.0,0.0,56.0,45.0,24.0,0.0,8.0,0.0,0.0,22.0,0.0,6.0,0.0,43.0
28.0,0.0,17.0,24.0,0.0,0.0,63.0,0.0,0.0,0.0,0.0,0.0,70.0,47.0,0.0
80.0,53.0,0.0,0.0,0.0,55.0,9.0,0.0,15.0,0.0,0.0,0.0,0.0,0.0,4.0
0.0,0.0,34.0,57.0,3.0,0.0,0.0,45.0,99.0,0.0,46.0,62.0,45.0,27.0,44.0
0.0,0.0,93.0,98.0,88.0,0.0,91.0,68.0,14.0,0.0,0.0,0.0,0.0,48.0,58.0
54.0,93.0,0.0,52.0,14.0,84.0,0.0,0.0,39.0,82.0,6.0,55.0,0.0,89.0,0.0
0.0,65.0,87.0,0.0,0.0,0.0,0.0,0.0,36.0,22.0,30.0,0.0,31.0,75.0,0.0
0.0,31.0,0.0,26.0,0.0,16.0,4.0,96.0,36.0,11.0,0.0,45.0,0.0,0.0,10.0
0.0,0.0,0.0,97.0,19.0,82.0,71.0,0.0,0.0,0.0,0.0,74.0,0.0,82.0,94.0
0.0,0.0,0.0,57.0,0.0,0.0,0.0,0.0,79.0,80.0,0.0,97.0,0.0,0.0,60.0
43.0,58.0,0.0,31.0,65.0,0.0,0.0,0.0,0.0,0.0,64.0,69.0,65.0,0.0,0.0
0.0,0.0,54.0,0.0,21.0,92.0,40.0,56.0,0.0,47.0,0.0,0.0,51.0,0.0,0.0
27.0,29.0,0.0,0.0,57.0,37.0,0.0,3.0,56.0,57.0,7.0,0.0,0.0,42.0,0.0
0.0,0.0,44.0,84.0,0.0,81.0,0.0,0.0,97.0,57.0,51.0,47.0,96.0,68.0,0.0
7.0,0.0,58.0,0.0,18.0,85.0,0.0,36.0,0.0,98.0,0.0,66.0,20.0,0.0,0.0
0.0,69.0,84.0,0.0,0.0,0.0,10.0,97.0,0.0,60.0,34.0,0.0,0.0,84.0,18.0
31.0,64.0,0.0,6.0,19.0,90.0,65.0,55.0,0.0,0.0,80.0,22.0,1.0,94.0,96.0
88.0,0.0,15.0,99.0,0.0,0.0,0.0,0.0,0.0,0.0,0.0,0.0,0.0,9.0,62.0
14.0,67.0,0.0,0.0,18.0,0.0,23.0,0.0,96.0,62.0,0.0,0.0,64.0,57.0,0.0
41.0,0.0,0.0,0.0,1.0,0.0,41.0,0.0,0.0,10.0,0.0,0.0,0.0,78.0,30.0
0.0,89.0,0.0,0.0,0.0,75.0,0.0,0.0,73.0,0.0,63.0,0.0,0.0,0.0,87.0
0.0,62.0,63.0,43.0,32.0,0.0,0.0,19.0,0.0,90.0,0.0,0.0,59.0,83.0,0.0
0.0,98.0,49.0,62.0,52.0,26.0,1.0,0.0,0.0,0.0,0.0,0.0,57.0,0.0,0.0
63.0,73.0,86.0,88.0,0.0,0.0,39.0,0.0,0.0,0.0,45.0,15.0,69.0,0.0,17.0
27.0,0.0,0.0,0.0,0.0,0.0,0.0,0.0,95.0,0.0,0.0,0.0,0.0,0.0,0.0
10.0,93.0,94.0,0.0,57.0,4.0,87.0,0.0,14.0,82.0,0.0,2.0,0.0,61.0,0.0
0.0,48.0,89.0,0.0,18.0,71.0,0.0,52.0,0.0,42.0,58.0,0.0,0.0,83.0,0.0
0.0,68.0,80.0,88.0,0.0,0.0,0.0,93.0,44.0,65.0,0.0,37.0,85.0,0.0,0.0
91.0,13.0,0.0,0.0,49.0,0.0,83.0,28.0,15.0,67.0,0.0,47.0,66.0,23.0,18.0
0.0,0.0,22.0,0.0,25.0,63.0,49.0,0.0,0.0,64.0,0.0,36.0,31.0,0.0,0.0
62.0,0.0,0.0,37.0,0.0,97.0,65.0,0.0,0.0,0.0,0.0,0.0,2.0,59.0,17.0
94.0,77.0,0.0,0.0,0.0,0.0,17.0,0.0,0.0,0.0,0.0,91.0,0.0,0.0,84.0
75.0,0.0,47.0,0.0,97.0,68.0,0.0,23.0,0.0,61.0,0.0,98.0,87.0,0.0,57.0
50.0,61.0,72.0,0.0,0.0,0.0,0.0,0.0,43.0,36.0,8.0,89.0,56.0,0.0,0.0
35.0,46.0,63.0,41.0,9.0,28.0,0.0,77.0,68.0,89.0,1.0,0.0,0.0,60.0,0.0
59.0,57.0,0.0,0.0,73.0,0.0,26.0,0.0,0.0,81.0,38.0,0.0,0.0,0.0,13.0
1.0,0.0,72.0,79.0,0.0,0.0,0.0,47.0,0.0,95.0,0.0,33.0,0.0,0.0,0.0
75.0,0.0,30.0,56.0,95.0,0.0,0.0,0.0,13.0,0.0,0.0,0.0,0.0,0.0,87.0
0.0,0.0,14.0,24.0,0.0,48.0,12.0,15.0,15.0,82.0,0.0,95.0,53.0,0.0,60.0
0.0,19.0,62.0,75.0,0.0,0.0,0.0,0.0,0.0,0.0,23.0,29.0,84.0,79.0,72.0
0.0,54.0,4.0,0.0,28.0,93.0,71.0,0.0,75.0,0.0,29.0,8.0,47.0,0.0,0.0
12.0,0.0,89.0,0.0,0.0,0.0,96.0,0.0,0.0,0.0,0.0,95.0,0.0,0.0,0.0
59.0,0.0,0.0,0.0,0.0,0.0,66.0,66.0,0.0,0.0,0.0,49.0,0.0,0.0,0.0
90.0,0.0,0.0,9.0,0.0,72.0,0.0,5.0,0.0,0.0,0.0,61.0,12.0,81.0,0.0
0.0,0.0,0.0,0.0,0.0,0.0,1.0,94.0,95.0,59.0,77.0,95.0,0.0,0.0,0.0
13.0,0.0,5.0,95.0,0.0,0.0,78.0,79.0,83.0,0.0,25.0,72.0,0.0,57.0,97.0
0.0,23.0,0.0,0.0,56.0,0.0,0.0,1.0,23.0,0.0,0.0,73.0,2.0,0.0,75.0
0.0,0.0,0.0,0.0,88.0,68.0,0.0,76.0,1.0,83.0,5.0,26.0,64.0,0.0,0.0
0.0,87.0,0.0,0.0,32.0,0.0,0.0,4.0,0.0,74.0,0.0,0.0,0.0,88.0,34.0
0.0,91.0,0.0,57.0,0.0,91.0,0.0,31.0,0.0,0.0,0.0,17.0,0.0,13.0,87.0
84.0,74.0,19.0,0.0,57.0,74.0,44.0,81.0,0.0,68.0,61.0,99.0,0.0,78.0,57.0
0.0,50.0,69.0,0.0,53.0,13.0,0.0,16.0,0.0,96.0,99.0,4.0,87.0,23.0,0.0
0.0,0.0,0.0,90.0,38.0,18.0,0.0,51.0,0.0,63.0,71.0,96.0,0.0,44.0,11.0
55.0,0.0,0.0,0.0,0.0,0.0,94.0,0.0,0.0,97.0,79.0,13.0,61.0,93.0,0.0
0.0,98.0,60.0,0.0,83.0,81.0,57.0,0.0,82.0,65.0,0.0,57.0,0.0,81.0,0.0
0.0,5.0,85.0,4.0,0.0,0.0,27.0,0.0,54.0,18.0,0.0,86.0,0.0,0.0,28.0
0.0,82.0,62.0,29.0,0.0,0.0,97.0,62.0,0.0,17.0,90.0,27.0,0.0,0.0,74.0
84.0,0.0,40.0,0.0,0.0,0.0,33.0,0.0,0.0,0.0,60.0,24.0,0.0,45.0,0.0
77.0,0.0,0.0,79.0,59.0,59.0,15.0,96.0,65.0,93.0,0.0,17.0,0.0,0.0,8.0
0.0,0.0,22.0,93.0,6.0,54.0,0.0,0.0,39.0,22.0,10.0,0.0,67.0,43.0,33.0
57.0,66.0,60.0,59.0,59.0,96.0,0.0,0.0,0.0,0.0,89.0,0.0,12.0,0.0,0.0
24.0,29.0,37.0,0.0,0.0,91.0,79.0,13.0,0.0,0.0,0.0,0.0,87.0,38.0,19.0
0.0,0.0,28.0,0.0,89.0,20.0,0.0,0.0,16.0,0.0,0.0,98.0,97.0,0.0,0.0
0.0,6.0,21.0,0.0,0.0,89.0,27.0,71.0,0.0,0.0,40.0,0.0,0.0,32.0,0.0
0.0,0.0,0.0,40.0,0.0,0.0,79.0,64.0,0.0,0.0,0.0,0.0,0.0,1.0,0.0
0.0,0.0,43.0,0.0,34.0,65.0,0.0,0.0,0.0,0.0,0.0,69.0,34.0,69.0,0.0
0.0,0.0,0.0,0.0,30.0,0.0,0.0,47.0,0.0,61.0,0.0,0.0,0.0,0.0,0.0
0.0,4.0,0.0,0.0,0.0,0.0,94.0,13.0,29.0,13.0,0.0,86.0,71.0,0.0,85.0
87.0,21.0,84.0,97.0,66.0,0.0,54.0,46.0,12.0,0.0,0.0,0.0,0.0,0.0,50.0
0.0,13.0,0.0,32.0,0.0,0.0,0.0,16.0,0.0,12.0,0.0,0.0,0.0,4.0,0.0
0.0,0.0,74.0,0.0,19.0,0.0,0.0,0.0,0.0,0.0,73.0,0.0,7.0,5.0,27.0
68.0,83.0,0.0,0.0,0.0,0.0,78.0,88.0,0.0,40.0,0.0,15.0,9.0,0.0,0.0
83.0,45.0,24.0,87.0,0.0,85.0,0.0,45.0,0.0,12.0,60.0,58.0,51.0,0.0,76.0
0.0,0.0,0.0,53.0,60.0,94.0,0.0,0.0,46.0,87.0,0.0,60.0,5.0,21.0,82.0
55.0,92.0,24.0,0.0,71.0,87.0,16.0,5.0,51.0,0.0,79.0,7.0,0.0,0.0,50.0
0.0,64.0,0.0,78.0,98.0,85.0,95.0,52.0,88.0,30.0,0.0,0.0,61.0,8.0,0.0
0.0,0.0,63.0,24.0,0.0,0.0,40.0,33.0,80.0,0.0,0.0,90.0,10.0,45.0,0.0
5.0,0.0,54.0,45.0,19.0,0.0,0.0,3.0,0.0,0.0,92.0,32.0,33.0,81.0,82.0
0.0,61.0,0.0,0.0,59.0,52.0,0.0,0.0,60.0,0.0,37.0,0.0,0.0,53.0,0.0
79.0,0.0,0.0,57.0,0.0,0.0,0.0,7.0,26.0,0.0,25.0,29.0,0.0,0.0,93.0
12.0,31.0,0.0,0.0,0.0,68.0,0.0,94.0,0.0,98.0,17.0,0.0,0.0,0.0,56.0
0.0,18.0,0.0,4.0,0.0,83.0,70.0,61.0,44.0,0.0,65.0,88.0,41.0,46.0,92.0
71.0,0.0,11.0,88.0,77.0,0.0,14.0,87.0,0.0,71.0,63.0,0.0,0.0,31.0,27.0
0.0,0.0,0.0,0.0,0.0,92.0,82.0,93.0,0.0,0.0,29.0,0.0,0.0,0.0,0.0
77.0,2.0,38.0,48.0,0.0,60.0,0.0,60.0,37.0,18.0,0.0,0.0,22.0,0.0,27.0
61.0,1.0,0.0,0.0,31.0,0.0,23.0,0.0,0.0,53.0,29.0,76.0,0.0,98.0,70.0
0.0,78.0,0.0,0.0,0.0,28.0,84.0,86.0,0.0,37.0,9.0,81.0,25.0,13.0,62.0
15.0,0.0,0.0,75.0,0.0,62.0,0.0,0.0,4.0,35.0,22.0,0.0,48.0,55.0,56.0
0.0,61.0,73.0,6.0,2.0,0.0,0.0,44.0,97.0,0.0,94.0,13.0,83.0,0.0,0.0
0.0,0.0,55.0,0.0,0.0,0.0,80.0,0.0,0.0,0.0,0.0,56.0,0.0,0.0,0.0
0.0,0.0,0.0,87.0,0.0,0.0,34.0,12.0,0.0,92.0,1.0,0.0,0.0,0.0,0.0
1.0,0.0,91.0,0.0,0.0,0.0,0.0,69.0,0.0,0.0,73.0,74.0,0.0,84.0,61.0
0.0,40.0,0.0,71.0,42.0,0.0,0.0,0.0,8.0,0.0,0.0,51.0,0.0,43.0,73.0
61.0,26.0,34.0,0.0,0.0,0.0,0.0,18.0,58.0,73.0,44.0,33.0,7.0,40.0,0.0
0.0,0.0,43.0,0.0,0.0,0.0,68.0,0.0,0.0,0.0,0.0,0.0,37.0,77.0,0.0
0.0,0.0,30.0,80.0,7.0,51.0,84.0,0.0,0.0,5.0,0.0,0.0,0.0,30.0,0.0
66.0,0.0,70.0,0.0,25.0,56.0,0.0,0.0,0.0,0.0,0.0,88.0,0.0,0.0,83.0
74.0,37.0,0.0,0.0,0.0,14.0,0.0,44.0,18.0,87.0,62.0,63.0,52.0,24.0,0.0
0.0,0.0,0.0,20.0,55.0,0.0,0.0,0.0,0.0,0.0,0.0,3.0,0.0,0.0,72.0
0.0,0.0,0.0,62.0,19.0,36.0,19.0,70.0,0.0,0.0,68.0,0.0,0.0,0.0,88.0
87.0,0.0,79.0,0.0,0.0,0.0,56.0,0.0,44.0,0.0,50.0,13.0,0.0,0.0,0.0
3.0,0.0,11.0,42.0,0.0,0.0,52.0,13.0,14.0,53.0,7.0,0.0,0.0,0.0,0.0
0.0,64.0,0.0,0.0,0.0,86.0,55.0,49.0,0.0,0.0,0.0,21.0,0.0,38.0,15.0
96.0,0.0,0.0,72.0,0.0,27.0,0.0,0.0,0.0,70.0,97.0,15.0,9.0,82.0,0.0
66.0,0.0,0.0,0.0,58.0,0.0,0.0,0.0,2.0,0.0,0.0,90.0,0.0,3.0,0.0
83.0,0.0,0.0,46.0,52.0,0.0,0.0,17.0,0.0,0.0,4.0,0.0,8.0,0.0,31.0
0.0,0.0,0.0,83.0,0.0,0.0,91.0,48.0,67.0,32.0,0.0,70.0,62.0,0.0,94.0
0.0,1.0,0.0,0.0,56.0,0.0,0.0,15.0,0.0,0.0,15.0,26.0,0.0,80.0,72.0
0.0,97.0,0.0,19.0,69.0,94.0,0.0,92.0,0.0,0.0,0.0,44.0,0.0,0.0,0.0
12.0,26.0,63.0,46.0,0.0,7.0,0.0,14.0,0.0,0.0,0.0,61.0,7.0,0.0,0.0
34.0,10.0,31.0,3.0,0.0,0.0,48.0,83.0,83.0,75.0,82.0,54.0,5.0,7.0,45.0
78.0,99.0,0.0,0.0,54.0,4.0,75.0,48.0,11.0,0.0,96.0,38.0,0.0,0.0,0.0
0.0,54.0,91.0,0.0,0.0,0.0,0.0,0.0,16.0,0.0,12.0,0.0,0.0,0.0,86.0
0.0,91.0,72.0,0.0,0.0,0.0,0.0,0.0,45.0,37.0,0.0,0.0,92.0,0.0,80.0
93.0,24.0,15.0,0.0,87.0,49.0,35.0,0.0,49.0,4.0,95.0,62.0,0.0,0.0,0.0
0.0,0.0,61.0,0.0,0.0,43.0,0.0,84.0,0.0,13.0,7.0,30.0,0.0,46.0,0.0
6.0,11.0,0.0,61.0,64.0,0.0,35.0,0.0,35.0,65.0,0.0,29.0,94.0,0.0,0.0
0.0,0.0,0.0,20.0,0.0,50.0,90.0,0.0,59.0,14.0,0.0,65.0,56.0,22.0,0.0
0.0,87.0,93.0,0.0,0.0,58.0,0.0,38.0,33.0,0.0,0.0,54.0,14.0,0.0,0.0
78.0,0.0,0.0,4.0,0.0,0.0,0.0,0.0,20.0,0.0,41.0,0.0,0.0,18.0,0.0
0.0,63.0,55.0,71.0,0.0,0.0,5.0,0.0,22.0,70.0,0.0,29.0,47.0,32.0,0.0
0.0,0.0,0.0,0.0,0.0,69.0,17.0,0.0,91.0,39.0,29.0,0.0,0.0,0.0,0.0
77.0,21.0,31.0,0.0,97.0,1.0,77.0,0.0,97.0,0.0,59.0,0.0,0.0,0.0,35.0
0.0,0.0,0.0,0.0,0.0,0.0,0.0,62.0,7.0,0.0,0.0,95.0,0.0,0.0,33.0
1.0,2.0,90.0,26.0,0.0,0.0,33.0,0.0,59.0,0.0,88.0,20.0,26.0,0.0,0.0
64.0,0.0,77.0,47.0,45.0,0.0,0.0,24.0,44.0,63.0,37.0,39.0,0.0,73.0,84.0
0.0,80.0,0.0,0.0,68.0,76.0,65.0,0.0,9.0,0.0,0.0,81.0,52.0,54.0,56.0
0.0,0.0,57.0,0.0,0.0,3.0,34.0,0.0,79.0,83.0,86.0,0.0,10.0,16.0,0.0
0.0,0.0,42.0,56.0,12.0,22.0,81.0,92.0,0.0,36.0,72.0,0.0,22.0,0.0,79.0
0.0,0.0,53.0,0.0,62.0,74.0,0.0,49.0,12.0,0.0,0.0,0.0,80.0,79.0,31.0
0.0,0.0,0.0,89.0,0.0,16.0,87.0,11.0,0.0,31.0,0.0,2.0,0.0,36.0,11.0
29.0,62.0,0.0,55.0,64.0,0.0,27.0,0.0,75.0,0.0,60.0,0.0,0.0,0.0,0.0
0.0,48.0,99.0,0.0,0.0,13.0,84.0,48.0,28.0,0.0,82.0,97.0,41.0,67.0,18.0
0.0,90.0,0.0,16.0,33.0,89.0,0.0,0.0,68.0,51.0,82.0,5.0,0.0,69.0,0.0
0.0,56.0,0.0,38.0,0.0,30.0,0.0,0.0,0.0,55.0,0.0,0.0,0.0,0.0,0.0
56.0,0.0,59.0,0.0,0.0,4.0,0.0,99.0,84.0,0.0,43.0,36.0,54.0,0.0,0.0
0.0,33.0,61.0,74.0,0.0,25.0,0.0,0.0,0.0,39.0,12.0,66.0,0.0,0.0,81.0
97.0,0.0,0.0,0.0,0.0,83.0,0.0,0.0,68.0,87.0,68.0,0.0,94.0,0.0,62.0
0.0,0.0,22.0,68.0,0.0,0.0,86.0,92.0,0.0,17.0,1.0,18.0,88.0,34.0,36.0
70.0,0.0,31.0,0.0,0.0,93.0,0.0,0.0,76.0,47.0,62.0,0.0,42.0,0.0,95.0
0.0,0.0,0.0,89.0,53.0,48.0,11.0,0.0,90.0,53.0,92.0,0.0,0.0,0.0,0.0
0.0,57.0,0.0,0.0,0.0,91.0,0.0,67.0,0.0,0.0,0.0,67.0,28.0,0.0,0.0
59.0,29.0,14.0,0.0,0.0,21.0,0.0,0.0,0.0,0.0,0.0,87.0,75.0,0.0,0.0
7.0,0.0,0.0,97.0,0.0,0.0,0.0,0.0,27.0,0.0,0.0,0.0,0.0,0.0,0.0
79.0,45.0,31.0,0.0,0.0,87.0,0.0,43.0,0.0,27.0,0.0,23.0,0.0,0.0,36.0
0.0,78.0,0.0,0.0,35.0,62.0,62.0,37.0,76.0,0.0,97.0,0.0,84.0,0.0,0.0
0.0,54.0,0.0,55.0,72.0,0.0,89.0,0.0,0.0,27.0,0.0,67.0,90.0,0.0,44.0
58.0,0.0,0.0,99.0,0.0,0.0,66.0,57.0,97.0,60.0,0.0,87.0,0.0,17.0,54.0
0.0,97.0,0.0,17.0,11.0,65.0,54.0,1.0,0.0,77.0,0.0,0.0,81.0,63.0,0.0
0.0,0.0,0.0,34.0,40.0,30.0,0.0,47.0,61.0,25.0,69.0,0.0,0.0,50.0,12.0
0.0,0.0,53.0,0.0,0.0,0.0,79.0,51.0,29.0,47.0,65.0,89.0,63.0,0.0,57.0
73.0,0.0,74.0,82.0,17.0,0.0,66.0,76.0,0.0,1.0,77.0,92.0,0.0,0.0,0.0
0.0,75.0,26.0,0.0,0.0,0.0,75.0,0.0,0.0,98.0,0.0,0.0,31.0,0.0,25.0
0.0,0.0,0.0,69.0,0.0,0.0,82.0,0.0,0.0,0.0,0.0,0.0,21.0,39.0,0.0
0.0,0.0,40.0,0.0,0.0,0.0,86.0,3.0,0.0,44.0,0.0,0.0,50.0,67.0,20.0
0.0,6.0,89.0,0.0,0.0,0.0,69.0,0.0,0.0,14.0,58.0,0.0,72.0,37.0,65.0
0.0,17.0,42.0,73.0,0.0,86.0,0.0,79.0,45.0,75.0,37.0,7.0,84.0,89.0,59.0
84.0,65.0,93.0,60.0,73.0,27.0,69.0,0.0,0.0,99.0,27.0,63.0,0.0,97.0,93.0
95.0,0.0,50.0,0.0,4.0,81.0,0.0,0.0,57.0,71.0,48.0,87.0,0.0,50.0,0.0
30.0,88.0,5.0,0.0,0.0,45.0,0.0,0.0,0.0,42.0,0.0,77.0,11.0,0.0,0.0
19.0,35.0,27.0,57.0,44.0,10.0,0.0,79.0,0.0,0.0,7.0,0.0,9.0,71.0,0.0
0.0,0.0,92.0,0.0,0.0,70.0,0.0,23.0,0.0,61.0,93.0,49.0,66.0,0.0,21.0
0.0,58.0,0.0,90.0,0.0,90.0,0.0,64.0,9.0,8.0,0.0,0.0,0.0,81.0,0.0
0.0,70.0,0.0,22.0,0.0,0.0,39.0,25.0,0.0,1.0,0.0,0.0,55.0,0.0,0.0
0.0,73.0,0.0,9.0,0.0,85.0,0.0,52.0,0.0,0.0,55.0,0.0,55.0,0.0,71.0
0.0,97.0,0.0,0.0,1.0,0.0,93.0,0.0,0.0,0.0,0.0,44.0,0.0,39.0,0.0
0.0,39.0,0.0,54.0,41.0,68.0,0.0,0.0,0.0,3.0,0.0,0.0,66.0,63.0,44.0
0.0,0.0,0.0,79.0,0.0,0.0,0.0,33.0,0.0,47.0,0.0,44.0,0.0,9.0,33.0
32.0,0.0,0.0,6.0,87.0,48.0,65.0,0.0,0.0,36.0,0.0,48.0,97.0,0.0,0.0
0.0,69.0,14.0,1.0,0.0,0.0,14.0,0.0,14.0,0.0,70.0,0.0,52.0,0.0,0.0
0.0,0.0,0.0,97.0,0.0,79.0,15.0,54.0,0.0,0.0,54.0,0.0,0.0,0.0,0.0
0.0,40.0,0.0,22.0,0.0,0.0,46.0,0.0,0.0,0.0,11.0,0.0,0.0,0.0,0.0
0.0,0.0,93.0,0.0,91.0,0.0,53.0,0.0,87.0,99.0,0.0,14.0,0.0,21.0,35.0
73.0,84.0,0.0,0.0,37.0,0.0,0.0,68.0,0.0,0.0,0.0,0.0,0.0,90.0,0.0
0.0,0.0,28.0,51.0,0.0,0.0,0.0,0.0,0.0,48.0,6.0,4.0,0.0,25.0,76.0
95.0,12.0,5.0,75.0,90.0,25.0,0.0,0.0,52.0,0.0,0.0,0.0,70.0,90.0,0.0
0.0,0.0,77.0,0.0,94.0,3.0,0.0,13.0,59.0,30.0,63.0,0.0,0.0,0.0,99.0
0.0,0.0,77.0,0.0,49.0,16.0,0.0,0.0,0.0,0.0,75.0,59.0,0.0,28.0,26.0
5.0,0.0,26.0,67.0,0.0,2.0,0.0,31.0,0.0,55.0,56.0,47.0,13.0,0.0,90.0
0.0,0.0,0.0,0.0,46.0,0.0,0.0,0.0,52.0,0.0,2.0,0.0,21.0,0.0,24.0
0.0,0.0,14.0,77.0,0.0,6.0,0.0,66.0,50.0,0.0,0.0,83.0,47.0,66.0,91.0
22.0,20.0,72.0,0.0,0.0,0.0,0.0,89.0,0.0,96.0,0.0,0.0,81.0,69.0,0.0
0.0,0.0,0.0,0.0,0.0,65.0,0.0,0.0,0.0,0.0,78.0,95.0,67.0,40.0,81.0
0.0,26.0,57.0,0.0,0.0,73.0,73.0,0.0,0.0,0.0,53.0,34.0,0.0,0.0,76.0
0.0,52.0,0.0,45.0,0.0,0.0,0.0,0.0,0.0,74.0,7.0,40.0,0.0,87.0,5.0
0.0,0.0,96.0,30.0,0.0,0.0,0.0,0.0,4.0,0.0,0.0,0.0,59.0,54.0,94.0
0.0,33.0,18.0,65.0,71.0,39.0,0.0,23.0,77.0,31.0,0.0,95.0,0.0,0.0,29.0
0.0,87.0,0.0,0.0,0.0,8.0,84.0,39.0,0.0,27.0,0.0,74.0,0.0,0.0,0.0
0.0,74.0,17.0,37.0,0.0,98.0,0.0,44.0,92.0,68.0,0.0,0.0,0.0,7.0,0.0
0.0,17.0,0.0,0.0,20.0,85.0,98.0,0.0,25.0,0.0,0.0,12.0,23.0,73.0,0.0
0.0,17.0,0.0,0.0,0.0,0.0,93.0,67.0,0.0,0.0,53.0,49.0,0.0,25.0,17.0
40.0,0.0,11.0,0.0,64.0,0.0,0.0,52.0,0.0,0.0,30.0,0.0,0.0,0.0,0.0
0.0,0.0,18.0,0.0,0.0,60.0,16.0,0.0,0.0,14.0,0.0,97.0,96.0,35.0,20.0
75.0,0.0,43.0,0.0,34.0,0.0,48.0,0.0,0.0,36.0,0.0,0.0,0.0,41.0,26.0
75.0,96.0,0.0,0.0,58.0,0.0,0.0,0.0,0.0,0.0,0.0,0.0,33.0,0.0,74.0
0.0,17.0,0.0,74.0,0.0,76.0,0.0,43.0,53.0,17.0,91.0,53.0,0.0,0.0,56.0
0.0,59.0,0.0,0.0,31.0,49.0,0.0,0.0,0.0,0.0,0.0,27.0,0.0,75.0,0.0
81.0,20.0,65.0,0.0,43.0,0.0,0.0,53.0,0.0,67.0,0.0,0.0,0.0,78.0,0.0
38.0,65.0,1.0,0.0,0.0,17.0,5.0,0.0,0.0,47.0,41.0,0.0,0.0,62.0,15.0
18.0,46.0,53.0,36.0,43.0,86.0,0.0,22.0,90.0,0.0,67.0,11.0,0.0,0.0,76.0
85.0,0.0,22.0,0.0,0.0,57.0,0.0,2.0,34.0,0.0,35.0,0.0,0.0,0.0,0.0
72.0,92.0,71.0,34.0,65.0,0.0,88.0,41.0,0.0,19.0,53.0,0.0,0.0,0.0,0.0
0.0,0.0,0.0,3.0,84.0,0.0,0.0,0.0,0.0,0.0,5.0,0.0,81.0,22.0,0.0
0.0,6.0,0.0,0.0,0.0,47.0,11.0,79.0,0.0,0.0,48.0,0.0,0.0,53.0,50.0
91.0,0.0,64.0,44.0,0.0,0.0,26.0,0.0,0.0,98.0,56.0,0.0,0.0,44.0,29.0
0.0,93.0,0.0,0.0,38.0,0.0,0.0,0.0,74.0,0.0,0.0,0.0,64.0,17.0,32.0
58.0,81.0,85.0,99.0,0.0,86.0,47.0,84.0,0.0,35.0,7.0,70.0,0.0,0.0,0.0
72.0,41.0,29.0,9.0,0.0,22.0,0.0,0.0,25.0,0.0,10.0,0.0,87.0,0.0,0.0
77.0,73.0,0.0,0.0,72.0,46.0,19.0,0.0,1.0,0.0,0.0,0.0,90.0,36.0,0.0
0.0,0.0,94.0,0.0,0.0,0.0,40.0,15.0,15.0,97.0,74.0,27.0,0.0,19.0,58.0
72.0,0.0,8.0,0.0,53.0,0.0,0.0,70.0,0.0,40.0,51.0,0.0,0.0,0.0,0.0
85.0,67.0,0.0,83.0,0.0,25.0,0.0,46.0,0.0,0.0,73.0,30.0,96.0,55.0,0.0
0.0,0.0,0.0,0.0,0.0,0.0,12.0,0.0,68.0,79.0,0.0,0.0,7.0,58.0,0.0
0.0,0.0,1.0,0.0,25.0,73.0,0.0,0.0,16.0,0.0,36.0,64.0,85.0,21.0,23.0
0.0,0.0,0.0,30.0,0.0,0.0,75.0,0.0,17.0,0.0,73.0,0.0,24.0,0.0,38.0
74.0,0.0,0.0,10.0,0.0,0.0,67.0,20.0,0.0,63.0,0.0,0.0,0.0,68.0,71.0
51.0,0.0,63.0,0.0,41.0,0.0,0.0,0.0,0.0,0.0,0.0,0.0,39.0,0.0,0.0
0.0,0.0,0.0,90.0,0.0,71.0,0.0,6.0,86.0,21.0,33.0,0.0,19.0,0.0,0.0
0.0,0.0,0.0,0.0,0.0,0.0,52.0,73.0,0.0,0.0,44.0,83.0,29.0,97.0,0.0
60.0,58.0,40.0,79.0,61.0,0.0,0.0,0.0,0.0,79.0,0.0,27.0,48.0,67.0,12.0
0.0,34.0,0.0,0.0,0.0,0.0,84.0,54.0,18.0,1.0,32.0,95.0,24.0,0.0,22.0
53.0,0.0,1.0,35.0,0.0,74.0,0.0,57.0,60.0,44.0,0.0,0.0,48.0,97.0,76.0
0.0,0.0,19.0,0.0,0.0,0.0,0.0,65.0,0.0,18.0,17.0,0.0,0.0,34.0,0.0
0.0,96.0,0.0,36.0,0.0,3.0,72.0,55.0,9.0,0.0,19.0,0.0,0.0,74.0,23.0
80.0,72.0,0.0,0.0,11.0,0.0,0.0,69.0,0.0,0.0,0.0,25.0,23.0,0.0,0.0
0.0,0.0,51.0,73.0,58.0,0.0,71.0,0.0,0.0,0.0,0.0,34.0,24.0,0.0,65.0
6.0,0.0,29.0,29.0,23.0,0.0,10.0,0.0,46.0,85.0,0.0,43.0,0.0,0.0,0.0
0.0,49.0,0.0,0.0,0.0,92.0,28.0,0.0,3.0,0.0,63.0,65.0,25.0,23.0,89.0
0.0,61.0,56.0,90.0,75.0,10.0,0.0,0.0,87.0,0.0,86.0,53.0,95.0,38.0,0.0
0.0,69.0,0.0,0.0,0.0,0.0,0.0,20.0,0.0,59.0,0.0,0.0,0.0,22.0,0.0
0.0,0.0,0.0,43.0,0.0,22.0,0.0,0.0,0.0,0.0,13.0,82.0,15.0,0.0,87.0
85.0,0.0,0.0,0.0,3.0,48.0,0.0,0.0,0.0,40.0,90.0,0.0,20.0,0.0,0.0
0.0,42.0,0.0,94.0,0.0,57.0,0.0,0.0,92.0,78.0,76.0,0.0,0.0,84.0,11.0
9.0,67.0,0.0,0.0,0.0,7.0,12.0,16.0,28.0,89.0,56.0,84.0,0.0,81.0,0.0
19.0,65.0,36.0,51.0,0.0,43.0,0.0,45.0,0.0,38.0,70.0,0.0,50.0,0.0,17.0
98.0,97.0,0.0,94.0,0.0,0.0,0.0,40.0,0.0,39.0,0.0,0.0,0.0,33.0,0.0
43.0,0.0,0.0,79.0,0.0,0.0,1.0,28.0,0.0,0.0,0.0,0.0,84.0,46.0,0.0
0.0,0.0,0.0,70.0,0.0,51.0,13.0,0.0,0.0,0.0,2.0,0.0,35.0,0.0,84.0
76.0,73.0,0.0,78.0,0.0,0.0,0.0,47.0,0.0,26.0,0.0,77.0,0.0,0.0,32.0
0.0,0.0,90.0,0.0,0.0,55.0,79.0,0.0,79.0,88.0,71.0,93.0,46.0,0.0,16.0
0.0,23.0,58.0,0.0,0.0,52.0,0.0,72.0,0.0,0.0,20.0,0.0,0.0,12.0,49.0
0.0,31.0,0.0,0.0,0.0,17.0,86.0,0.0,91.0,0.0,47.0,32.0,59.0,19.0,28.0
0.0,0.0,0.0,0.0,44.0,0.0,0.0,0.0,0.0,0.0,12.0,64.0,13.0,17.0,40.0
39.0,51.0,0.0,25.0,66.0,94.0,10.0,0.0,0.0,0.0,65.0,61.0,0.0,78.0,50.0
0.0,0.0,67.0,0.0,0.0,0.0,42.0,7.0,47.0,13.0,33.0,27.0,81.0,3.0,0.0
0.0,89.0,58.0,0.0,0.0,0.0,0.0,68.0,8.0,0.0,0.0,0.0,0.0,80.0,48.0
39.0,0.0,0.0,0.0,29.0,0.0,0.0,31.0,0.0,1.0,0.0,82.0,13.0,12.0,0.0
0.0,20.0,69.0,35.0,0.0,38.0,0.0,0.0,84.0,47.0,0.0,0.0,88.0,0.0,0.0
0.0,0.0,0.0,0.0,64.0,75.0,0.0,0.0,31.0,73.0,26.0,0.0,0.0,0.0,0.0
78.0,0.0,70.0,0.0,26.0,0.0,7.0,0.0,90.0,0.0,0.0,0.0,0.0,73.0,0.0
0.0,91.0,10.0,0.0,86.0,0.0,63.0,19.0,0.0,0.0,0.0,88.0,0.0,0.0,88.0
39.0,0.0,23.0,13.0,0.0,92.0,0.0,82.0,58.0,0.0,33.0,83.0,0.0,0.0,78.0
36.0,0.0,20.0,38.0,53.0,50.0,0.0,0.0,61.0,0.0,92.0,0.0,55.0,67.0,0.0
48.0,0.0,63.0,0.0,50.0,0.0,0.0,19.0,0.0,0.0,0.0,24.0,66.0,0.0,22.0
23.0,0.0,8.0,13.0,64.0,0.0,0.0,26.0,88.0,70.0,0.0,0.0,73.0,0.0,0.0
47.0,0.0,39.0,0.0,94.0,58.0,41.0,43.0,2.0,0.0,63.0,0.0,70.0,30.0,0.0
0.0,0.0,0.0,72.0,58.0,0.0,0.0,0.0,69.0,0.0,0.0,0.0,12.0,70.0,0.0
51.0,0.0,0.0,29.0,0.0,0.0,38.0,0.0,24.0,0.0,0.0,39.0,7.0,0.0,33.0
70.0,70.0,0.0,18.0,0.0,0.0,39.0,0.0,0.0,0.0,0.0,0.0,0.0,0.0,71.0
10.0,68.0,0.0,0.0,0.0,0.0,99.0,67.0,0.0,0.0,17.0,32.0,0.0,3.0,21.0
96.0,0.0,0.0,26.0,93.0,51.0,11.0,0.0,7.0,0.0,0.0,53.0,44.0,47.0,0.0
66.0,16.0,40.0,0.0,3.0,58.0,34.0,3.0,18.0,0.0,27.0,0.0,75.0,96.0,0.0
65.0,0.0,4.0,12.0,5.0,0.0,0.0,0.0,0.0,91.0,27.0,68.0,0.0,0.0,0.0
48.0,0.0,0.0,49.0,0.0,0.0,0.0,0.0,0.0,59.0,47.0,38.0,38.0,99.0,68.0
0.0,0.0,81.0,67.0,0.0,29.0,0.0,0.0,0.0,0.0,0.0,0.0,43.0,0.0,87.0
0.0,0.0,15.0,45.0,0.0,0.0,0.0,71.0,51.0,80.0,3.0,69.0,50.0,0.0,40.0
25.0,54.0,93.0,0.0,13.0,0.0,37.0,0.0,51.0,45.0,77.0,67.0,39.0,0.0,0.0
12.0,48.0,0.0,0.0,0.0,0.0,30.0,0.0,0.0,0.0,35.0,64.0,42.0,19.0,0.0
38.0,0.0,0.0,0.0,17.0,0.0,52.0,58.0,95.0,47.0,0.0,85.0,0.0,0.0,0.0
93.0,0.0,0.0,92.0,1.0,68.0,0.0,73.0,0.0,25.0,73.0,0.0,0.0,64.0,75.0
25.0,84.0,0.0,0.0,32.0,0.0,0.0,0.0,50.0,64.0,0.0,0.0,0.0,87.0,87.0
1.0,8.0,0.0,58.0,17.0,75.0,0.0,0.0,85.0,0.0,0.0,0.0,0.0,0.0,51.0
92.0,46.0,2.0,1.0,70.0,0.0,0.0,45.0,0.0,0.0,80.0,0.0,0.0,0.0,17.0
0.0,0.0,83.0,76.0,4.0,0.0,0.0,83.0,2.0,0.0,8.0,0.0,78.0,98.0,0.0
0.0,10.0,0.0,0.0,0.0,0.0,58.0,0.0,3.0,54.0,0.0,88.0,92.0,0.0,0.0
84.0,0.0,25.0,0.0,96.0,0.0,0.0,10.0,71.0,41.0,0.0,0.0,23.0,0.0,0.0
0.0,50.0,2.0,0.0,82.0,0.0,96.0,0.0,0.0,0.0,0.0,97.0,28.0,32.0,29.0
0.0,0.0,0.0,0.0,41.0,0.0,88.0,0.0,51.0,94.0,75.0,70.0,43.0,0.0,0.0
0.0,0.0,0.0,98.0,0.0,0.0,2.0,0.0,57.0,0.0,62.0,0.0,37.0,54.0,22.0
0.0,86.0,0.0,0.0,0.0,27.0,3.0,54.0,0.0,46.0,0.0,12.0,64.0,61.0,74.0
27.0,0.0,98.0,0.0,27.0,38.0,0.0,0.0,40.0,0.0,46.0,0.0,78.0,0.0,0.0
0.0,17.0,80.0,0.0,0.0,24.0,81.0,45.0,73.0,19.0,79.0,32.0,50.0,0.0,0.0
0.0,23.0,92.0,56.0,47.0,0.0,60.0,5.0,85.0,81.0,0.0,0.0,41.0,47.0,0.0
0.0,2.0,4.0,0.0,0.0,66.0,0.0,12.0,0.0,76.0,15.0,53.0,14.0,0.0,0.0
59.0,29.0,0.0,19.0,93.0,0.0,14.0,0.0,0.0,0.0,0.0,58.0,0.0,87.0,19.0
0.0,33.0,27.0,0.0,53.0,56.0,0.0,64.0,0.0,0.0,47.0,0.0,0.0,40.0,90.0
64.0,79.0,47.0,0.0,55.0,0.0,0.0,62.0,3.0,0.0,0.0,65.0,38.0,0.0,85.0
0.0,0.0,0.0,83.0,0.0,0.0,0.0,0.0,55.0,39.0,90.0,0.0,81.0,0.0,0.0
0.0,10.0,0.0,0.0,25.0,0.0,29.0,10.0,72.0,68.0,0.0,26.0,0.0,96.0,0.0
16.0,0.0,0.0,0.0,19.0,25.0,88.0,0.0,65.0,18.0,0.0,99.0,0.0,19.0,71.0
0.0,0.0,0.0,0.0,73.0,19.0,0.0,30.0,50.0,0.0,0.0,6.0,4.0,0.0,25.0
41.0,0.0,0.0,63.0,0.0,0.0,20.0,33.0,0.0,80.0,63.0,0.0,0.0,0.0,0.0
0.0,0.0,0.0,0.0,0.0,82.0,96.0,93.0,0.0,24.0,0.0,0.0,0.0,0.0,0.0
0.0,0.0,0.0,97.0,0.0,38.0,0.0,17.0,1.0,34.0,51.0,12.0,21.0,0.0,23.0
10.0,88.0,0.0,0.0,0.0,0.0,13.0,0.0,62.0,0.0,36.0,0.0,86.0,0.0,89.0
0.0,48.0,32.0,0.0,54.0,0.0,49.0,80.0,50.0,0.0,82.0,0.0,0.0,0.0,50.0
65.0,86.0,0.0,76.0,0.0,13.0,87.0,0.0,0.0,23.0,21.0,65.0,30.0,84.0,0.0
39.0,0.0,0.0,97.0,66.0,65.0,0.0,15.0,19.0,0.0,0.0,39.0,0.0,96.0,12.0
0.0,0.0,87.0,0.0,0.0,36.0,0.0,33.0,0.0,0.0,0.0,0.0,0.0,0.0,66.0
99.0,49.0,0.0,0.0,30.0,23.0,0.0,55.0,0.0,75.0,65.0,3.0,10.0,0.0,0.0
0.0,0.0,0.0,0.0,0.0,12.0,22.0,4.0,0.0,38.0,0.0,0.0,65.0,0.0,4.0
2.0,40.0,60.0,52.0,65.0,40.0,0.0,0.0,88.0,97.0,97.0,7.0,63.0,60.0,0.0
24.0,0.0,93.0,0.0,93.0,0.0,83.0,0.0,0.0,0.0,0.0,0.0,23.0,0.0,76.0
0.0,13.0,0.0,10.0,0.0,0.0,31.0,0.0,0.0,17.0,13.0,0.0,62.0,0.0,19.0
0.0,12.0,35.0,0.0,0.0,0.0,14.0,0.0,1.0,0.0,0.0,0.0,43.0,0.0,0.0
0.0,78.0,0.0,0.0,0.0,0.0,0.0,0.0,36.0,0.0,79.0,47.0,21.0,0.0,72.0
89.0,0.0,0.0,35.0,61.0,0.0,0.0,20.0,73.0,0.0,8.0,58.0,88.0,0.0,0.0
0.0,0.0,0.0,15.0,0.0,51.0,0.0,0.0,54.0,0.0,51.0,18.0,68.0,8.0,0.0
0.0,0.0,69.0,0.0,43.0,0.0,0.0,30.0,0.0,91.0,0.0,33.0,1.0,52.0,19.0
0.0,0.0,70.0,0.0,0.0,9.0,0.0,0.0,95.0,29.0,0.0,31.0,0.0,75.0,0.0
0.0,0.0,0.0,0.0,0.0,0.0,79.0,13.0,96.0,0.0,0.0,0.0,0.0,0.0,19.0
0.0,19.0,16.0,0.0,0.0,0.0,0.0,0.0,61.0,74.0,0.0,70.0,0.0,0.0,71.0
0.0,26.0,66.0,95.0,0.0,31.0,88.0,0.0,9.0,89.0,88.0,0.0,0.0,52.0,28.0
0.0,0.0,74.0,0.0,60.0,0.0,42.0,61.0,48.0,63.0,33.0,0.0,26.0,64.0,86.0
29.0,0.0,0.0,87.0,0.0,0.0,33.0,90.0,84.0,0.0,0.0,0.0,0.0,0.0,0.0
17.0,0.0,92.0,0.0,24.0,83.0,97.0,47.0,0.0,0.0,30.0,69.0,0.0,93.0,77.0
0.0,0.0,9.0,0.0,45.0,63.0,0.0,13.0,28.0,76.0,0.0,67.0,50.0,7.0,20.0
34.0,59.0,90.0,75.0,0.0,0.0,46.0,58.0,0.0,0.0,90.0,0.0,0.0,0.0,0.0
0.0,25.0,0.0,46.0,55.0,71.0,0.0,0.0,0.0,0.0,84.0,53.0,8.0,0.0,0.0
84.0,13.0,40.0,0.0,16.0,75.0,35.0,50.0,0.0,86.0,0.0,24.0,0.0,11.0,0.0
64.0,0.0,0.0,0.0,3.0,47.0,43.0,0.0,20.0,81.0,0.0,0.0,0.0,0.0,61.0
71.0,0.0,59.0,0.0,73.0,0.0,63.0,62.0,44.0,0.0,0.0,0.0,9.0,0.0,21.0
0.0,0.0,33.0,81.0,11.0,43.0,78.0,0.0,27.0,78.0,20.0,26.0,76.0,0.0,84.0
14.0,64.0,46.0,87.0,0.0,19.0,28.0,0.0,29.0,60.0,97.0,0.0,0.0,0.0,0.0
37.0,0.0,0.0,89.0,0.0,9.0,33.0,0.0,52.0,0.0,46.0,0.0,65.0,10.0,0.0
0.0,0.0,0.0,16.0,28.0,0.0,87.0,51.0,0.0,0.0,17.0,0.0,81.0,0.0,0.0
0.0,0.0,0.0,0.0,0.0,3.0,86.0,96.0,0.0,0.0,0.0,0.0,37.0,0.0,0.0
29.0,39.0,4.0,73.0,12.0,0.0,70.0,0.0,98.0,31.0,16.0,0.0,0.0,76.0,70.0
0.0,22.0,95.0,98.0,0.0,92.0,0.0,0.0,0.0,0.0,0.0,0.0,0.0,0.0,0.0
54.0,0.0,17.0,36.0,0.0,0.0,53.0,0.0,0.0,0.0,0.0,0.0,42.0,80.0,5.0
0.0,0.0,4.0,0.0,93.0,0.0,44.0,0.0,0.0,50.0,10.0,0.0,0.0,0.0,2.0
54.0,25.0,0.0,0.0,0.0,0.0,0.0,92.0,10.0,0.0,31.0,0.0,44.0,0.0,45.0
56.0,0.0,0.0,85.0,42.0,8.0,26.0,70.0,0.0,0.0,81.0,0.0,0.0,0.0,0.0
0.0,96.0,0.0,0.0,0.0,91.0,86.0,0.0,43.0,0.0,85.0,28.0,0.0,0.0,47.0
80.0,0.0,44.0,0.0,69.0,86.0,74.0,61.0,10.0,25.0,0.0,0.0,0.0,81.0,0.0
25.0,82.0,55.0,28.0,0.0,50.0,96.0,0.0,78.0,0.0,84.0,0.0,39.0,43.0,0.0
18.0,0.0,41.0,0.0,0.0,0.0,52.0,0.0,16.0,0.0,35.0,58.0,0.0,0.0,6.0
0.0,0.0,0.0,94.0,77.0,88.0,0.0,35.0,0.0,81.0,0.0,0.0,75.0,93.0,0.0
82.0,63.0,0.0,0.0,0.0,91.0,0.0,76.0,0.0,0.0,0.0,0.0,20.0,53.0,7.0
0.0,55.0,18.0,37.0,0.0,0.0,0.0,73.0,0.0,26.0,69.0,4.0,76.0,0.0,0.0
25.0,93.0,0.0,0.0,0.0,72.0,67.0,63.0,0.0,66.0,74.0,0.0,31.0,32.0,49.0
0.0,17.0,0.0,0.0,9.0,0.0,0.0,80.0,95.0,64.0,83.0,0.0,15.0,12.0,0.0
0.0,0.0,87.0,93.0,0.0,0.0,87.0,36.0,0.0,0.0,18.0,0.0,0.0,0.0,0.0
0.0,0.0,0.0,14.0,42.0,0.0,0.0,80.0,77.0,47.0,0.0,0.0,0.0,7.0,0.0
0.0,0.0,0.0,0.0,77.0,34.0,33.0,3.0,0.0,0.0,83.0,21.0,27.0,0.0,0.0
0.0,45.0,4.0,0.0,0.0,0.0,7.0,0.0,87.0,0.0,0.0,2.0,0.0,58.0,61.0
91.0,0.0,17.0,8.0,0.0,0.0,0.0,0.0,19.0,0.0,0.0,53.0,43.0,0.0,51.0
0.0,3.0,0.0,46.0,15.0,0.0,0.0,50.0,0.0,0.0,0.0,0.0,78.0,0.0,0.0
0.0,48.0,0.0,32.0,88.0,71.0,77.0,0.0,17.0,0.0,0.0,0.0,0.0,7.0,98.0
0.0,0.0,0.0,27.0,3.0,0.0,0.0,17.0,0.0,0.0,5.0,0.0,0.0,0.0,62.0
26.0,0.0,68.0,23.0,0.0,47.0,0.0,1.0,94.0,0.0,10.0,67.0,0.0,28.0,0.0
16.0,61.0,43.0,76.0,0.0,0.0,0.0,14.0,1.0,1.0,0.0,0.0,0.0,83.0,0.0
0.0,13.0,55.0,0.0,0.0,60.0,62.0,0.0,3.0,29.0,19.0,34.0,0.0,42.0,7.0
44.0,27.0,36.0,0.0,0.0,51.0,0.0,0.0,0.0,17.0,23.0,0.0,0.0,25.0,0.0
87.0,95.0,3.0,0.0,0.0,0.0,0.0,0.0,39.0,0.0,56.0,57.0,96.0,0.0,97.0
0.0,29.0,66.0,74.0,0.0,59.0,32.0,0.0,0.0,3.0,0.0,22.0,22.0,69.0,0.0
79.0,96.0,83.0,48.0,40.0,68.0,67.0,0.0,0.0,0.0,0.0,46.0,0.0,0.0,0.0
34.0,55.0,0.0,96.0,0.0,0.0,19.0,0.0,19.0,34.0,0.0,0.0,30.0,67.0,0.0
0.0,67.0,0.0,55.0,17.0,0.0,91.0,51.0,47.0,0.0,0.0,82.0,0.0,25.0,0.0
0.0,0.0,9.0,0.0,40.0,63.0,0.0,34.0,94.0,95.0,20.0,0.0,0.0,0.0,0.0
0.0,0.0,0.0,34.0,68.0,63.0,9.0,0.0,71.0,0.0,0.0,0.0,0.0,0.0,99.0
45.0,86.0,0.0,0.0,9.0,59.0,0.0,82.0,72.0,0.0,0.0,26.0,0.0,0.0,59.0
0.0,0.0,0.0,38.0,0.0,0.0,25.0,0.0,0.0,72.0,0.0,0.0,92.0,40.0,83.0
55.0,0.0,25.0,0.0,0.0,2.0,16.0,0.0,93.0,40.0,46.0,0.0,0.0,0.0,55.0
0.0,86.0,0.0,0.0,14.0,88.0,0.0,0.0,0.0,0.0,0.0,0.0,71.0,92.0,54.0
27.0,4.0,0.0,14.0,1.0,0.0,56.0,0.0,73.0,0.0,75.0,14.0,0.0,0.0,5.0
27.0,0.0,0.0,0.0,0.0,0.0,0.0,0.0,70.0,0.0,0.0,85.0,0.0,16.0,49.0
30.0,41.0,94.0,18.0,9.0,42.0,0.0,0.0,35.0,0.0,54.0,19.0,72.0,0.0,1.0
54.0,71.0,0.0,66.0,0.0,0.0,0.0,4.0,97.0,0.0,0.0,40.0,0.0,72.0,8.0
2.0,22.0,0.0,0.0,0.0,47.0,95.0,0.0,54.0,0.0,26.0,16.0,61.0,79.0,0.0
97.0,0.0,7.0,53.0,3.0,0.0,44.0,89.0,41.0,21.0,0.0,50.0,0.0,61.0,54.0
0.0,15.0,0.0,52.0,0.0,45.0,0.0,0.0,0.0,98.0,88.0,0.0,71.0,85.0,0.0
0.0,0.0,65.0,16.0,71.0,25.0,76.0,0.0,0.0,16.0,0.0,0.0,0.0,0.0,0.0
39.0,0.0,60.0,45.0,77.0,2.0,0.0,21.0,0.0,0.0,85.0,0.0,0.0,50.0,71.0
0.0,32.0,38.0,0.0,8.0,0.0,10.0,0.0,48.0,0.0,0.0,52.0,0.0,97.0,15.0
78.0,6.0,0.0,0.0,0.0,35.0,88.0,72.0,30.0,33.0,0.0,39.0,0.0,0.0,0.0
89.0,0.0,0.0,40.0,0.0,0.0,0.0,0.0,0.0,57.0,0.0,0.0,19.0,11.0,65.0
0.0,63.0,27.0,0.0,61.0,0.0,0.0,0.0,0.0,6.0,0.0,0.0,0.0,48.0,23.0
74.0,85.0,0.0,0.0,0.0,0.0,0.0,0.0,0.0,0.0,67.0,95.0,48.0,39.0,62.0
0.0,0.0,27.0,50.0,45.0,0.0,0.0,69.0,0.0,32.0,82.0,61.0,73.0,49.0,97.0
0.0,17.0,0.0,17.0,0.0,83.0,0.0,80.0,41.0,91.0,49.0,93.0,0.0,0.0,45.0
79.0,72.0,86.0,45.0,49.0,87.0,52.0,0.0,0.0,0.0,0.0,44.0,0.0,0.0,0.0
0.0,0.0,0.0,0.0,0.0,91.0,0.0,24.0,0.0,25.0,16.0,0.0,10.0,0.0,0.0
63.0,62.0,22.0,79.0,62.0,0.0,0.0,0.0,18.0,0.0,0.0,0.0,0.0,0.0,0.0
11.0,48.0,66.0,90.0,0.0,0.0,41.0,0.0,96.0,0.0,69.0,0.0,0.0,0.0,0.0
75.0,0.0,0.0,5.0,80.0,57.0,79.0,29.0,0.0,0.0,31.0,0.0,22.0,5.0,0.0
17.0,0.0,63.0,0.0,21.0,0.0,37.0,0.0,0.0,99.0,58.0,92.0,0.0,91.0,0.0
41.0,0.0,10.0,0.0,45.0,52.0,41.0,25.0,35.0,29.0,0.0,28.0,0.0,0.0,0.0
38.0,0.0,63.0,0.0,66.0,0.0,10.0,0.0,25.0,0.0,56.0,0.0,7.0,89.0,0.0
0.0,0.0,0.0,55.0,80.0,30.0,30.0,77.0,38.0,56.0,44.0,49.0,0.0,8.0,0.0
2.0,41.0,58.0,0.0,0.0,0.0,68.0,0.0,0.0,0.0,14.0,0.0,97.0,14.0,97.0
89.0,0.0,0.0,0.0,93.0,0.0,98.0,0.0,0.0,32.0,58.0,0.0,77.0,30.0,75.0
0.0,0.0,37.0,16.0,0.0,58.0,0.0,42.0,0.0,84.0,0.0,0.0,0.0,76.0,51.0
0.0,91.0,0.0,40.0,50.0,0.0,0.0,0.0,0.0,0.0,0.0,0.0,91.0,85.0,56.0
20.0,0.0,0.0,25.0,70.0,16.0,0.0,2.0,0.0,25.0,64.0,0.0,0.0,10.0,30.0
0.0,12.0,56.0,0.0,81.0,72.0,87.0,0.0,58.0,0.0,76.0,38.0,0.0,0.0,54.0
0.0,94.0,28.0,30.0,0.0,0.0,0.0,65.0,23.0,77.0,3.0,65.0,0.0,26.0,60.0
97.0,0.0,0.0,0.0,91.0,11.0,19.0,65.0,37.0,96.0,23.0,0.0,92.0,0.0,42.0
0.0,14.0,0.0,57.0,0.0,0.0,46.0,12.0,25.0,45.0,31.0,0.0,0.0,1.0,69.0
90.0,0.0,65.0,0.0,0.0,17.0,28.0,0.0,0.0,0.0,0.0,70.0,92.0,0.0,0.0
0.0,8.0,0.0,0.0,0.0,0.0,0.0,0.0,82.0,64.0,0.0,0.0,45.0,0.0,76.0
0.0,2.0,0.0,44.0,0.0,0.0,70.0,11.0,0.0,81.0,32.0,25.0,0.0,38.0,91.0
0.0,0.0,0.0,52.0,24.0,0.0,96.0,0.0,72.0,76.0,77.0,86.0,94.0,71.0,0.0
0.0,0.0,0.0,0.0,24.0,23.0,0.0,0.0,0.0,0.0,76.0,0.0,16.0,99.0,8.0
58.0,53.0,66.0,57.0,15.0,56.0,0.0,89.0,0.0,0.0,0.0,20.0,89.0,49.0,81.0
0.0,0.0,0.0,80.0,69.0,0.0,0.0,90.0,93.0,61.0,0.0,0.0,0.0,55.0,2.0
0.0,0.0,0.0,12.0,68.0,3.0,0.0,17.0,36.0,56.0,0.0,20.0,0.0,0.0,45.0
0.0,20.0,0.0,48.0,2.0,0.0,73.0,0.0,0.0,0.0,0.0,0.0,85.0,7.0,0.0
0.0,0.0,69.0,0.0,0.0,0.0,17.0,0.0,33.0,0.0,4.0,0.0,97.0,0.0,16.0
11.0,55.0,0.0,42.0,0.0,16.0,0.0,1.0,0.0,0.0,66.0,0.0,77.0,82.0,65.0
75.0,0.0,92.0,0.0,75.0,47.0,63.0,10.0,0.0,0.0,0.0,0.0,69.0,0.0,0.0
72.0,22.0,0.0,36.0,0.0,79.0,0.0,12.0,99.0,0.0,46.0,0.0,86.0,94.0,65.0
0.0,0.0,41.0,0.0,0.0,0.0,18.0,0.0,0.0,0.0,0.0,53.0,62.0,0.0,0.0
79.0,89.0,43.0,95.0,70.0,28.0,0.0,0.0,0.0,0.0,0.0,50.0,24.0,0.0,94.0
0.0,86.0,82.0,0.0,8.0,0.0,76.0,0.0,0.0,0.0,0.0,0.0,35.0,46.0,0.0
34.0,52.0,0.0,0.0,0.0,0.0,45.0,10.0,73.0,0.0,0.0,46.0,0.0,0.0,0.0
16.0,0.0,0.0,91.0,53.0,0.0,0.0,67.0,0.0,0.0,79.0,0.0,38.0,0.0,0.0
0.0,0.0,0.0,63.0,0.0,0.0,0.0,0.0,51.0,59.0,5.0,5.0,0.0,60.0,77.0
95.0,0.0,0.0,84.0,80.0,0.0,0.0,30.0,0.0,30.0,0.0,13.0,0.0,37.0,0.0
0.0,93.0,0.0,92.0,0.0,41.0,95.0,2.0,27.0,0.0,0.0,0.0,0.0,68.0,58.0
87.0,51.0,0.0,0.0,79.0,8.0,18.0,40.0,0.0,79.0,98.0,0.0,88.0,99.0,79.0
0.0,0.0,0.0,0.0,88.0,17.0,0.0,87.0,26.0,84.0,0.0,0.0,40.0,42.0,0.0
0.0,0.0,0.0,10.0,81.0,0.0,78.0,0.0,0.0,0.0,98.0,53.0,80.0,97.0,0.0
68.0,28.0,37.0,0.0,99.0,37.0,0.0,62.0,0.0,44.0,0.0,0.0,49.0,63.0,0.0
41.0,0.0,0.0,16.0,0.0,0.0,0.0,0.0,0.0,35.0,42.0,8.0,0.0,14.0,0.0
0.0,9.0,0.0,0.0,49.0,0.0,0.0,0.0,83.0,66.0,0.0,0.0,0.0,0.0,0.0
66.0,26.0,41.0,95.0,57.0,0.0,61.0,29.0,0.0,68.0,0.0,0.0,3.0,95.0,0.0
0.0,19.0,37.0,50.0,0.0,0.0,0.0,26.0,84.0,60.0,68.0,96.0,0.0,0.0,0.0
19.0,0.0,0.0,42.0,0.0,93.0,0.0,0.0,0.0,47.0,55.0,52.0,12.0,41.0,79.0
55.0,0.0,76.0,15.0,78.0,59.0,9.0,0.0,0.0,0.0,7.0,0.0,0.0,21.0,73.0
65.0,7.0,0.0,58.0,0.0,0.0,0.0,61.0,0.0,0.0,0.0,0.0,0.0,0.0,0.0
0.0,0.0,0.0,0.0,22.0,10.0,25.0,69.0,61.0,0.0,59.0,0.0,0.0,22.0,0.0
7.0,0.0,24.0,92.0,24.0,48.0,0.0,81.0,0.0,0.0,50.0,0.0,0.0,0.0,58.0
99.0,0.0,1.0,77.0,0.0,0.0,94.0,62.0,0.0,0.0,98.0,32.0,0.0,0.0,0.0
0.0,0.0,0.0,23.0,61.0,0.0,0.0,0.0,95.0,0.0,0.0,0.0,10.0,30.0,0.0
0.0,12.0,24.0,71.0,0.0,0.0,0.0,14.0,0.0,28.0,22.0,0.0,0.0,0.0,74.0
0.0,0.0,44.0,42.0,24.0,0.0,76.0,0.0,0.0,0.0,0.0,0.0,0.0,0.0,0.0
54.0,84.0,0.0,23.0,10.0,0.0,0.0,0.0,98.0,23.0,0.0,42.0,0.0,26.0,0.0
0.0,0.0,76.0,90.0,15.0,0.0,73.0,76.0,1.0,0.0,48.0,0.0,0.0,0.0,0.0
0.0,84.0,0.0,0.0,0.0,0.0,65.0,0.0,23.0,0.0,0.0,0.0,62.0,3.0,16.0
0.0,0.0,0.0,84.0,0.0,8.0,69.0,0.0,30.0,0.0,0.0,0.0,65.0,0.0,0.0
0.0,0.0,93.0,47.0,0.0,89.0,60.0,31.0,0.0,0.0,0.0,0.0,88.0,0.0,0.0
31.0,46.0,0.0,82.0,31.0,75.0,0.0,33.0,64.0,32.0,0.0,0.0,0.0,51.0,97.0
0.0,93.0,0.0,17.0,15.0,3.0,68.0,0.0,93.0,29.0,0.0,0.0,0.0,12.0,0.0
0.0,0.0,68.0,0.0,14.0,18.0,0.0,69.0,0.0,0.0,39.0,58.0,0.0,44.0,0.0
0.0,0.0,87.0,0.0,19.0,0.0,99.0,67.0,0.0,44.0,0.0,72.0,67.0,0.0,77.0
1.0,0.0,47.0,0.0,66.0,0.0,0.0,13.0,0.0,0.0,0.0,45.0,61.0,67.0,13.0
0.0,0.0,36.0,31.0,0.0,26.0,7.0,0.0,0.0,47.0,0.0,57.0,0.0,71.0,0.0
0.0,0.0,0.0,65.0,95.0,0.0,0.0,47.0,71.0,0.0,0.0,42.0,0.0,73.0,78.0
49.0,22.0,0.0,0.0,0.0,14.0,0.0,6.0,63.0,0.0,13.0,0.0,36.0,79.0,99.0
0.0,88.0,0.0,59.0,0.0,0.0,0.0,0.0,0.0,0.0,1.0,0.0,0.0,0.0,54.0
38.0,0.0,0.0,82.0,0.0,0.0,0.0,0.0,55.0,70.0,48.0,0.0,88.0,0.0,0.0
0.0,65.0,51.0,0.0,62.0,0.0,80.0,21.0,0.0,40.0,0.0,3.0,0.0,11.0,97.0
50.0,36.0,0.0,25.0,80.0,0.0,0.0,0.0,0.0,0.0,0.0,80.0,0.0,60.0,0.0
36.0,36.0,0.0,0.0,73.0,41.0,27.0,0.0,0.0,36.0,81.0,0.0,0.0,46.0,32.0
0.0,0.0,0.0,0.0,58.0,0.0,0.0,56.0,0.0,0.0,68.0,52.0,96.0,76.0,52.0
42.0,0.0,0.0,72.0,0.0,35.0,53.0,41.0,64.0,60.0,0.0,0.0,0.0,0.0,42.0
11.0,0.0,0.0,0.0,0.0,1.0,66.0,0.0,49.0,0.0,92.0,0.0,0.0,52.0,58.0
0.0,0.0,0.0,4.0,0.0,0.0,14.0,0.0,0.0,9.0,0.0,0.0,29.0,0.0,0.0
0.0,0.0,0.0,63.0,77.0,31.0,0.0,0.0,0.0,86.0,5.0,69.0,0.0,0.0,28.0
0.0,0.0,57.0,95.0,53.0,8.0,55.0,69.0,30.0,0.0,0.0,55.0,0.0,66.0,33.0
97.0,16.0,75.0,0.0,41.0,0.0,39.0,0.0,34.0,0.0,0.0,40.0,0.0,71.0,1.0
0.0,0.0,56.0,0.0,67.0,0.0,0.0,0.0,73.0,0.0,0.0,0.0,0.0,0.0,0.0
91.0,66.0,21.0,61.0,1.0,42.0,58.0,42.0,0.0,0.0,0.0,13.0,48.0,0.0,98.0
0.0,22.0,8.0,0.0,0.0,0.0,0.0,0.0,60.0,0.0,73.0,57.0,66.0,0.0,0.0
66.0,0.0,5.0,52.0,0.0,79.0,29.0,0.0,0.0,98.0,37.0,51.0,60.0,44.0,26.0
0.0,0.0,0.0,0.0,24.0,5.0,0.0,0.0,0.0,4.0,99.0,63.0,74.0,0.0,0.0
0.0,60.0,0.0,0.0,0.0,0.0,0.0,77.0,48.0,24.0,0.0,0.0,0.0,0.0,0.0
0.0,4.0,0.0,96.0,76.0,2.0,76.0,46.0,0.0,8.0,38.0,31.0,47.0,0.0,89.0
0.0,65.0,38.0,12.0,2.0,57.0,50.0,43.0,0.0,0.0,0.0,0.0,61.0,41.0,0.0
80.0,0.0,0.0,0.0,67.0,22.0,77.0,0.0,0.0,0.0,0.0,15.0,17.0,10.0,0.0
0.0,97.0,0.0,97.0,2.0,0.0,9.0,0.0,80.0,0.0,3.0,0.0,72.0,43.0,0.0
65.0,0.0,0.0,84.0,0.0,27.0,43.0,3.0,0.0,0.0,0.0,0.0,0.0,0.0,0.0
0.0,0.0,0.0,48.0,7.0,0.0,69.0,0.0,0.0,82.0,83.0,0.0,68.0,93.0,0.0
0.0,53.0,59.0,64.0,67.0,0.0,0.0,0.0,0.0,71.0,91.0,0.0,17.0,44.0,0.0
97.0,0.0,0.0,0.0,0.0,0.0,10.0,0.0,0.0,47.0,16.0,35.0,62.0,0.0,97.0
0.0,2.0,0.0,55.0,0.0,43.0,0.0,84.0,32.0,0.0,0.0,0.0,63.0,0.0,0.0
17.0,0.0,0.0,0.0,0.0,0.0,68.0,93.0,0.0,0.0,0.0,44.0,0.0,0.0,0.0
0.0,0.0,0.0,12.0,0.0,1.0,0.0,0.0,0.0,62.0,63.0,53.0,76.0,0.0,0.0
54.0,55.0,0.0,70.0,63.0,0.0,0.0,0.0,1.0,0.0,69.0,0.0,46.0,17.0,66.0
0.0,88.0,62.0,0.0,8.0,0.0,8.0,48.0,0.0,0.0,84.0,38.0,0.0,21.0,0.0
77.0,0.0,54.0,0.0,36.0,74.0,0.0,0.0,0.0,38.0,0.0,80.0,0.0,99.0,71.0
92.0,7.0,0.0,84.0,2.0,0.0,39.0,0.0,0.0,39.0,80.0,91.0,74.0,0.0,16.0
11.0,0.0,89.0,25.0,0.0,0.0,4.0,92.0,18.0,11.0,6.0,0.0,0.0,0.0,0.0
37.0,0.0,72.0,0.0,77.0,0.0,0.0,87.0,33.0,88.0,0.0,0.0,2.0,0.0,33.0
90.0,0.0,0.0,0.0,49.0,0.0,34.0,76.0,65.0,35.0,55.0,49.0,0.0,0.0,0.0
0.0,73.0,97.0,84.0,0.0,16.0,53.0,70.0,83.0,25.0,76.0,0.0,18.0,0.0,0.0
2.0,0.0,99.0,0.0,70.0,51.0,0.0,0.0,0.0,29.0,5.0,5.0,83.0,66.0,0.0
0.0,0.0,0.0,0.0,29.0,0.0,23.0,70.0,0.0,9.0,13.0,48.0,0.0,0.0,57.0
91.0,74.0,35.0,0.0,87.0,0.0,24.0,0.0,61.0,67.0,1.0,0.0,0.0,17.0,0.0
0.0,58.0,46.0,0.0,0.0,53.0,70.0,56.0,0.0,15.0,0.0,0.0,10.0,73.0,0.0
0.0,49.0,0.0,35.0,71.0,47.0,0.0,84.0,0.0,74.0,4.0,62.0,59.0,0.0,64.0
0.0,0.0,0.0,84.0,89.0,31.0,0.0,0.0,0.0,59.0,1.0,0.0,50.0,86.0,0.0
0.0,0.0,0.0,0.0,0.0,0.0,0.0,91.0,0.0,3.0,0.0,0.0,0.0,0.0,0.0
36.0,28.0,0.0,0.0,0.0,14.0,65.0,3.0,0.0,0.0,57.0,0.0,22.0,29.0,0.0
1.0,77.0,86.0,0.0,70.0,0.0,0.0,0.0,47.0,0.0,0.0,99.0,0.0,0.0,0.0
88.0,0.0,0.0,53.0,99.0,89.0,0.0,0.0,98.0,89.0,0.0,3.0,64.0,0.0,17.0
0.0,61.0,0.0,46.0,13.0,93.0,0.0,0.0,0.0,65.0,0.0,0.0,87.0,0.0,0.0
17.0,0.0,19.0,23.0,0.0,81.0,0.0,0.0,0.0,3.0,0.0,0.0,58.0,0.0,0.0
0.0,34.0,6.0,0.0,0.0,87.0,0.0,90.0,43.0,64.0,0.0,0.0,0.0,36.0,0.0
0.0,67.0,37.0,72.0,5.0,0.0,0.0,4.0,73.0,0.0,0.0,17.0,34.0,0.0,0.0
0.0,0.0,0.0,89.0,0.0,54.0,11.0,34.0,23.0,22.0,0.0,89.0,0.0,48.0,0.0
20.0,80.0,0.0,32.0,0.0,0.0,52.0,3.0,52.0,39.0,0.0,0.0,0.0,0.0,0.0
0.0,0.0,93.0,0.0,0.0,0.0,0.0,0.0,34.0,35.0,0.0,0.0,34.0,94.0,0.0
0.0,0.0,40.0,48.0,0.0,0.0,3.0,51.0,77.0,0.0,0.0,0.0,61.0,18.0,99.0
10.0,2.0,0.0,52.0,99.0,0.0,0.0,0.0,60.0,0.0,0.0,0.0,0.0,42.0,47.0
85.0,0.0,0.0,0.0,66.0,0.0,35.0,0.0,0.0,18.0,0.0,34.0,72.0,0.0,6.0
1.0,39.0,19.0,92.0,0.0,0.0,71.0,95.0,89.0,0.0,55.0,17.0,0.0,40.0,0.0
0.0,0.0,0.0,0.0,55.0,0.0,0.0,91.0,95.0,33.0,0.0,44.0,0.0,0.0,84.0
0.0,34.0,0.0,5.0,0.0,64.0,0.0,0.0,0.0,0.0,92.0,0.0,3.0,76.0,0.0
8.0,84.0,69.0,0.0,0.0,20.0,0.0,90.0,8.0,0.0,87.0,29.0,0.0,0.0,23.0
0.0,0.0,0.0,16.0,24.0,0.0,0.0,49.0,0.0,34.0,0.0,0.0,5.0,33.0,0.0
0.0,0.0,17.0,15.0,0.0,0.0,23.0,11.0,0.0,0.0,0.0,0.0,13.0,2.0,36.0
22.0,90.0,68.0,97.0,0.0,51.0,0.0,0.0,59.0,32.0,0.0,0.0,0.0,0.0,20.0
0.0,44.0,0.0,67.0,25.0,33.0,0.0,28.0,52.0,93.0,26.0,0.0,90.0,61.0,96.0
38.0,0.0,50.0,0.0,12.0,0.0,95.0,28.0,91.0,0.0,0.0,0.0,74.0,47.0,0.0
72.0,0.0,0.0,0.0,0.0,0.0,52.0,0.0,0.0,0.0,59.0,2.0,80.0,0.0,22.0
97.0,1.0,0.0,0.0,14.0,38.0,0.0,0.0,65.0,78.0,36.0,76.0,6.0,0.0,0.0
0.0,0.0,0.0,44.0,3.0,49.0,0.0,0.0,0.0,0.0,52.0,0.0,0.0,0.0,97.0
0.0,94.0,0.0,0.0,9.0,47.0,0.0,0.0,39.0,0.0,2.0,85.0,0.0,0.0,35.0
0.0,1.0,0.0,9.0,74.0,7.0,0.0,10.0,37.0,98.0,0.0,0.0,77.0,32.0,0.0
55.0,0.0,19.0,86.0,0.0,0.0,0.0,96.0,66.0,0.0,28.0,0.0,49.0,0.0,0.0
0.0,0.0,86.0,0.0,0.0,0.0,0.0,26.0,0.0,0.0,0.0,0.0,74.0,56.0,10.0
0.0,0.0,27.0,0.0,75.0,61.0,0.0,80.0,90.0,0.0,0.0,49.0,39.0,0.0,30.0
0.0,7.0,0.0,8.0,0.0,0.0,0.0,0.0,0.0,50.0,97.0,0.0,0.0,71.0,83.0
0.0,0.0,0.0,0.0,0.0,92.0,70.0,0.0,15.0,0.0,16.0,0.0,25.0,42.0,0.0
0.0,0.0,0.0,85.0,98.0,9.0,0.0,0.0,23.0,0.0,0.0,15.0,0.0,49.0,0.0
0.0,0.0,82.0,0.0,0.0,14.0,72.0,0.0,0.0,97.0,74.0,12.0,15.0,73.0,0.0
68.0,0.0,0.0,0.0,99.0,0.0,23.0,0.0,15.0,82.0,0.0,16.0,13.0,0.0,0.0
15.0,1.0,51.0,0.0,98.0,94.0,0.0,85.0,11.0,0.0,39.0,46.0,0.0,0.0,26.0
99.0,0.0,11.0,0.0,0.0,0.0,0.0,11.0,38.0,34.0,53.0,13.0,0.0,0.0,0.0
38.0,0.0,92.0,60.0,98.0,37.0,15.0,68.0,88.0,59.0,0.0,0.0,24.0,0.0,0.0
0.0,0.0,57.0,87.0,0.0,12.0,77.0,72.0,17.0,0.0,52.0,0.0,0.0,37.0,93.0
0.0,40.0,83.0,83.0,66.0,83.0,0.0,0.0,0.0,0.0,0.0,3.0,0.0,0.0,70.0
0.0,0.0,8.0,39.0,38.0,72.0,0.0,0.0,74.0,0.0,30.0,0.0,0.0,0.0,0.0
84.0,14.0,0.0,0.0,0.0,53.0,0.0,0.0,0.0,0.0,0.0,42.0,87.0,54.0,0.0
24.0,0.0,38.0,75.0,78.0,7.0,0.0,74.0,0.0,23.0,0.0,3.0,0.0,23.0,0.0
70.0,69.0,0.0,0.0,0.0,0.0,0.0,27.0,6.0,0.0,0.0,71.0,36.0,0.0,83.0
0.0,0.0,0.0,0.0,76.0,15.0,0.0,34.0,7.0,0.0,0.0,55.0,0.0,27.0,0.0
0.0,0.0,57.0,0.0,73.0,0.0,79.0,0.0,0.0,0.0,6.0,0.0,0.0,0.0,0.0
13.0,31.0,0.0,0.0,0.0,0.0,0.0,44.0,0.0,0.0,0.0,0.0,0.0,0.0,0.0
57.0,0.0,7.0,33.0,0.0,0.0,0.0,0.0,0.0,42.0,0.0,23.0,54.0,0.0,0.0
18.0,74.0,0.0,0.0,0.0,0.0,41.0,1.0,74.0,0.0,30.0,0.0,58.0,0.0,30.0
0.0,0.0,0.0,4.0,0.0,0.0,0.0,28.0,0.0,20.0,43.0,0.0,85.0,11.0,0.0
51.0,75.0,0.0,77.0,0.0,85.0,0.0,0.0,0.0,8.0,9.0,89.0,0.0,0.0,0.0
94.0,56.0,0.0,0.0,71.0,80.0,96.0,60.0,94.0,0.0,0.0,0.0,66.0,0.0,82.0
0.0,0.0,55.0,64.0,52.0,60.0,0.0,72.0,0.0,0.0,0.0,0.0,0.0,54.0,0.0
0.0,59.0,0.0,0.0,0.0,14.0,6.0,0.0,0.0,35.0,25.0,63.0,0.0,85.0,0.0
15.0,89.0,0.0,25.0,41.0,3.0,0.0,19.0,3.0,21.0,0.0,0.0,87.0,0.0,0.0
4.0,75.0,72.0,18.0,0.0,0.0,0.0,0.0,0.0,79.0,51.0,0.0,0.0,19.0,28.0
12.0,62.0,0.0,45.0,0.0,0.0,96.0,93.0,57.0,0.0,37.0,3.0,56.0,19.0,74.0
22.0,65.0,21.0,0.0,9.0,68.0,36.0,0.0,0.0,0.0,84.0,0.0,0.0,0.0,0.0
71.0,0.0,28.0,50.0,67.0,46.0,3.0,0.0,80.0,14.0,0.0,39.0,0.0,57.0,75.0
38.0,0.0,0.0,30.0,10.0,0.0,74.0,0.0,0.0,57.0,0.0,0.0,0.0,10.0,91.0
0.0,0.0,0.0,46.0,0.0,0.0,5.0,0.0,97.0,0.0,75.0,0.0,0.0,0.0,98.0
47.0,0.0,20.0,54.0,0.0,0.0,42.0,0.0,32.0,32.0,65.0,0.0,17.0,24.0,0.0
99.0,69.0,0.0,0.0,0.0,0.0,0.0,0.0,0.0,0.0,0.0,0.0,0.0,0.0,0.0
77.0,0.0,0.0,0.0,0.0,12.0,72.0,72.0,71.0,17.0,0.0,0.0,0.0,0.0,86.0
0.0,0.0,0.0,0.0,80.0,0.0,30.0,0.0,0.0,67.0,0.0,7.0,32.0,0.0,74.0
20.0,0.0,65.0,16.0,0.0,86.0,0.0,3.0,80.0,60.0,0.0,44.0,2.0,74.0,0.0
62.0,0.0,34.0,0.0,0.0,0.0,0.0,88.0,0.0,0.0,93.0,51.0,0.0,0.0,20.0
10.0,0.0,0.0,0.0,0.0,36.0,73.0,0.0,37.0,75.0,0.0,0.0,4.0,0.0,0.0
0.0,79.0,0.0,44.0,55.0,32.0,88.0,72.0,0.0,73.0,0.0,28.0,4.0,0.0,18.0
0.0,74.0,86.0,0.0,18.0,0.0,95.0,0.0,9.0,7.0,0.0,72.0,1.0,0.0,36.0
25.0,43.0,0.0,0.0,93.0,0.0,0.0,42.0,42.0,17.0,0.0,53.0,0.0,51.0,35.0
2.0,15.0,0.0,0.0,0.0,0.0,0.0,75.0,92.0,0.0,0.0,79.0,76.0,21.0,37.0
0.0,37.0,0.0,0.0,0.0,13.0,48.0,0.0,0.0,0.0,77.0,10.0,0.0,0.0,0.0
54.0,0.0,61.0,30.0,0.0,16.0,0.0,66.0,0.0,3.0,40.0,0.0,0.0,57.0,82.0
9.0,0.0,0.0,73.0,91.0,0.0,0.0,0.0,0.0,27.0,91.0,77.0,0.0,69.0,39.0
22.0,0.0,45.0,0.0,64.0,27.0,79.0,33.0,0.0,0.0,0.0,0.0,0.0,80.0,0.0
0.0,0.0,0.0,0.0,52.0,0.0,44.0,37.0,0.0,94.0,0.0,0.0,0.0,0.0,0.0
0.0,0.0,68.0,0.0,0.0,0.0,1.0,0.0,25.0,92.0,90.0,0.0,0.0,0.0,34.0
0.0,0.0,0.0,91.0,72.0,4.0,0.0,0.0,21.0,87.0,29.0,38.0,0.0,65.0,99.0
97.0,28.0,44.0,0.0,94.0,48.0,0.0,0.0,84.0,0.0,41.0,26.0,42.0,0.0,0.0
0.0,59.0,0.0,26.0,0.0,0.0,0.0,0.0,0.0,97.0,76.0,10.0,0.0,42.0,25.0
0.0,0.0,37.0,73.0,39.0,53.0,0.0,84.0,0.0,21.0,77.0,0.0,3.0,0.0,42.0
0.0,0.0,49.0,10.0,0.0,0.0,0.0,0.0,71.0,0.0,0.0,0.0,0.0,81.0,0.0
0.0,31.0,96.0,0.0,0.0,0.0,0.0,26.0,0.0,0.0,44.0,0.0,0.0,0.0,0.0
0.0,11.0,0.0,75.0,4.0,0.0,18.0,0.0,24.0,0.0,54.0,77.0,0.0,29.0,94.0
0.0,98.0,59.0,0.0,0.0,0.0,0.0,5.0,0.0,46.0,67.0,4.0,51.0,79.0,22.0
0.0,17.0,26.0,34.0,0.0,6.0,60.0,0.0,0.0,54.0,29.0,0.0,0.0,0.0,0.0
0.0,94.0,0.0,0.0,50.0,0.0,0.0,0.0,3.0,0.0,46.0,0.0,0.0,0.0,34.0
0.0,0.0,0.0,0.0,46.0,31.0,96.0,0.0,0.0,71.0,0.0,60.0,0.0,65.0,80.0
65.0,11.0,11.0,0.0,0.0,0.0,80.0,0.0,0.0,0.0,55.0,0.0,0.0,0.0,84.0
0.0,89.0,20.0,0.0,0.0,0.0,8.0,96.0,0.0,58.0,0.0,0.0,92.0,0.0,23.0
0.0,49.0,0.0,0.0,19.0,0.0,0.0,47.0,0.0,0.0,0.0,0.0,24.0,99.0,0.0
92.0,18.0,77.0,61.0,0.0,8.0,36.0,0.0,0.0,5.0,72.0,53.0,24.0,0.0,0.0
88.0,11.0,0.0,3.0,35.0,21.0,0.0,0.0,38.0,25.0,2.0,28.0,0.0,68.0,0.0
69.0,0.0,0.0,87.0,0.0,95.0,35.0,0.0,0.0,59.0,95.0,95.0,0.0,0.0,48.0
33.0,0.0,13.0,71.0,0.0,22.0,77.0,22.0,0.0,0.0,0.0,83.0,31.0,22.0,0.0
42.0,82.0,57.0,0.0,0.0,92.0,0.0,0.0,32.0,54.0,21.0,0.0,52.0,0.0,13.0
0.0,0.0,37.0,0.0,0.0,8.0,0.0,0.0,0.0,0.0,95.0,0.0,0.0,0.0,0.0
58.0,26.0,8.0,2.0,0.0,0.0,27.0,97.0,41.0,47.0,71.0,0.0,62.0,74.0,39.0
4.0,37.0,0.0,0.0,25.0,0.0,8.0,0.0,0.0,53.0,10.0,31.0,0.0,86.0,6.0
52.0,75.0,0.0,49.0,0.0,0.0,22.0,0.0,6.0,62.0,0.0,0.0,36.0,0.0,15.0
0.0,96.0,52.0,0.0,10.0,0.0,0.0,57.0,0.0,0.0,0.0,26.0,59.0,69.0,0.0
58.0,0.0,28.0,44.0,92.0,82.0,26.0,46.0,15.0,0.0,46.0,0.0,0.0,0.0,60.0
0.0,91.0,65.0,45.0,92.0,0.0,37.0,0.0,0.0,0.0,32.0,90.0,56.0,0.0,0.0
0.0,55.0,0.0,0.0,18.0,36.0,24.0,60.0,0.0,0.0,0.0,0.0,91.0,53.0,0.0
2.0,44.0,81.0,50.0,22.0,0.0,13.0,0.0,72.0,19.0,44.0,28.0,0.0,91.0,60.0
41.0,92.0,0.0,47.0,5.0,0.0,78.0,3.0,0.0,0.0,0.0,0.0,63.0,0.0,41.0
0.0,0.0,62.0,0.0,0.0,98.0,13.0,0.0,95.0,0.0,0.0,0.0,35.0,57.0,93.0
59.0,0.0,78.0,0.0,78.0,25.0,6.0,0.0,15.0,0.0,69.0,15.0,59.0,0.0,9.0
0.0,84.0,71.0,0.0,0.0,0.0,80.0,11.0,13.0,31.0,0.0,22.0,0.0,0.0,84.0
0.0,0.0,45.0,0.0,0.0,74.0,0.0,0.0,49.0,0.0,0.0,61.0,0.0,88.0,23.0
0.0,0.0,0.0,0.0,84.0,0.0,80.0,45.0,0.0,30.0,0.0,0.0,0.0,60.0,88.0
46.0,0.0,0.0,49.0,17.0,0.0,80.0,0.0,0.0,0.0,8.0,59.0,0.0,0.0,96.0
39.0,0.0,0.0,24.0,47.0,0.0,45.0,0.0,55.0,64.0,0.0,40.0,0.0,34.0,64.0
35.0,43.0,71.0,8.0,12.0,51.0,69.0,48.0,0.0,49.0,60.0,68.0,94.0,0.0,0.0
0.0,16.0,82.0,0.0,0.0,72.0,58.0,46.0,20.0,4.0,0.0,53.0,52.0,0.0,8.0
0.0,27.0,50.0,40.0,14.0,0.0,96.0,85.0,0.0,0.0,58.0,0.0,26.0,0.0,0.0
0.0,0.0,0.0,57.0,0.0,68.0,0.0,0.0,68.0,32.0,0.0,61.0,36.0,0.0,86.0
69.0,51.0,71.0,0.0,70.0,15.0,33.0,63.0,0.0,0.0,0.0,26.0,0.0,0.0,81.0
0.0,46.0,0.0,18.0,22.0,0.0,0.0,0.0,40.0,92.0,46.0,83.0,0.0,97.0,14.0
25.0,0.0,57.0,8.0,0.0,0.0,10.0,0.0,79.0,0.0,39.0,78.0,0.0,63.0,0.0
38.0,0.0,10.0,0.0,17.0,0.0,0.0,68.0,0.0,19.0,0.0,0.0,0.0,7.0,0.0
0.0,0.0,31.0,34.0,97.0,5.0,42.0,0.0,13.0,12.0,75.0,0.0,78.0,29.0,0.0
55.0,0.0,71.0,0.0,0.0,58.0,0.0,0.0,0.0,80.0,0.0,90.0,0.0,0.0,0.0
7.0,63.0,65.0,0.0,38.0,68.0,29.0,0.0,90.0,40.0,18.0,0.0,0.0,98.0,65.0
0.0,7.0,14.0,0.0,0.0,8.0,57.0,4.0,0.0,93.0,0.0,0.0,0.0,0.0,0.0
89.0,0.0,97.0,0.0,0.0,50.0,0.0,0.0,0.0,20.0,96.0,0.0,0.0,0.0,0.0
62.0,0.0,63.0,6.0,0.0,0.0,33.0,56.0,0.0,0.0,97.0,95.0,0.0,77.0,0.0
0.0,38.0,96.0,0.0,83.0,54.0,0.0,0.0,48.0,0.0,0.0,0.0,46.0,0.0,93.0
0.0,25.0,0.0,82.0,9.0,0.0,0.0,0.0,0.0,0.0,0.0,97.0,0.0,13.0,0.0
0.0,79.0,69.0,0.0,0.0,0.0,0.0,0.0,56.0,88.0,76.0,93.0,80.0,22.0,0.0
32.0,85.0,0.0,67.0,0.0,0.0,0.0,0.0,67.0,0.0,0.0,0.0,66.0,0.0,22.0
53.0,0.0,13.0,0.0,19.0,0.0,0.0,73.0,0.0,13.0,0.0,0.0,0.0,70.0,68.0
94.0,39.0,96.0,0.0,0.0,0.0,21.0,56.0,0.0,0.0,29.0,0.0,37.0,0.0,28.0
0.0,0.0,38.0,0.0,0.0,97.0,0.0,61.0,0.0,0.0,12.0,66.0,29.0,42.0,0.0
0.0,40.0,0.0,30.0,0.0,28.0,0.0,0.0,0.0,0.0,38.0,0.0,0.0,0.0,24.0
0.0,76.0,51.0,46.0,71.0,0.0,88.0,85.0,42.0,59.0,19.0,0.0,94.0,0.0,34.0
0.0,0.0,0.0,84.0,66.0,0.0,0.0,0.0,40.0,77.0,0.0,0.0,0.0,0.0,0.0
87.0,0.0,0.0,58.0,0.0,50.0,0.0,0.0,19.0,19.0,0.0,24.0,0.0,0.0,25.0
44.0,89.0,0.0,0.0,29.0,0.0,8.0,0.0,0.0,0.0,83.0,0.0,17.0,0.0,0.0
0.0,0.0,48.0,0.0,0.0,0.0,66.0,0.0,0.0,20.0,0.0,0.0,92.0,11.0,21.0
0.0,82.0,0.0,0.0,5.0,0.0,0.0,90.0,0.0,18.0,0.0,0.0,0.0,77.0,0.0
56.0,11.0,82.0,0.0,0.0,13.0,85.0,27.0,13.0,0.0,64.0,0.0,83.0,0.0,0.0
0.0,27.0,0.0,56.0,0.0,0.0,78.0,0.0,68.0,0.0,0.0,70.0,11.0,0.0,0.0
0.0,0.0,29.0,0.0,47.0,0.0,20.0,0.0,0.0,0.0,48.0,71.0,82.0,15.0,0.0
0.0,75.0,0.0,0.0,15.0,27.0,70.0,0.0,64.0,50.0,0.0,51.0,24.0,0.0,3.0
0.0,0.0,0.0,0.0,9.0,0.0,70.0,68.0,70.0,2.0,0.0,87.0,0.0,89.0,35.0
1.0,0.0,0.0,47.0,12.0,19.0,22.0,94.0,0.0,9.0,0.0,0.0,0.0,0.0,0.0
52.0,0.0,0.0,7.0,0.0,55.0,89.0,9.0,52.0,0.0,33.0,81.0,61.0,43.0,50.0
39.0,0.0,67.0,0.0,0.0,93.0,0.0,0.0,0.0,27.0,0.0,0.0,53.0,0.0,0.0
0.0,0.0,0.0,70.0,5.0,38.0,0.0,0.0,0.0,0.0,82.0,0.0,92.0,13.0,70.0
0.0,0.0,0.0,0.0,0.0,75.0,17.0,0.0,43.0,25.0,0.0,0.0,22.0,87.0,43.0
91.0,39.0,20.0,0.0,0.0,69.0,3.0,62.0,0.0,12.0,13.0,0.0,0.0,0.0,0.0
0.0,0.0,53.0,0.0,0.0,23.0,0.0,19.0,84.0,0.0,0.0,0.0,0.0,91.0,0.0
82.0,0.0,0.0,44.0,11.0,72.0,30.0,0.0,29.0,0.0,0.0,0.0,0.0,66.0,2.0
12.0,0.0,0.0,0.0,0.0,6.0,86.0,49.0,35.0,64.0,83.0,0.0,0.0,27.0,0.0
81.0,57.0,0.0,0.0,22.0,86.0,0.0,94.0,0.0,0.0,81.0,63.0,77.0,0.0,0.0
0.0,0.0,74.0,0.0,65.0,0.0,25.0,0.0,0.0,0.0,70.0,8.0,0.0,83.0,57.0
19.0,48.0,0.0,0.0,0.0,48.0,80.0,0.0,0.0,0.0,87.0,32.0,0.0,0.0,0.0
29.0,0.0,98.0,21.0,0.0,0.0,82.0,65.0,0.0,36.0,33.0,81.0,74.0,0.0,0.0
78.0,65.0,0.0,48.0,54.0,0.0,0.0,62.0,32.0,63.0,41.0,0.0,79.0,95.0,0.0
93.0,75.0,44.0,0.0,99.0,0.0,0.0,7.0,0.0,34.0,0.0,67.0,0.0,97.0,0.0
75.0,0.0,0.0,34.0,0.0,0.0,0.0,83.0,0.0,0.0,0.0,0.0,96.0,59.0,0.0
34.0,36.0,0.0,0.0,0.0,29.0,0.0,0.0,0.0,75.0,0.0,86.0,0.0,40.0,1.0
0.0,42.0,0.0,78.0,0.0,8.0,18.0,0.0,58.0,5.0,13.0,0.0,54.0,0.0,0.0
0.0,30.0,14.0,0.0,30.0,42.0,77.0,80.0,81.0,0.0,20.0,84.0,0.0,0.0,0.0
66.0,0.0,0.0,18.0,33.0,0.0,26.0,24.0,74.0,0.0,0.0,25.0,0.0,10.0,0.0
0.0,67.0,0.0,96.0,2.0,0.0,0.0,0.0,33.0,0.0,0.0,97.0,0.0,60.0,44.0
0.0,0.0,65.0,84.0,60.0,28.0,34.0,0.0,11.0,0.0,2.0,0.0,0.0,0.0,56.0
0.0,0.0,89.0,51.0,0.0,0.0,0.0,8.0,48.0,0.0,49.0,0.0,52.0,0.0,33.0
33.0,61.0,71.0,25.0,60.0,71.0,0.0,0.0,0.0,0.0,97.0,24.0,0.0,61.0,50.0
0.0,0.0,0.0,78.0,0.0,0.0,0.0,95.0,0.0,0.0,22.0,0.0,0.0,90.0,13.0
0.0,70.0,0.0,40.0,73.0,91.0,27.0,0.0,40.0,0.0,23.0,0.0,41.0,56.0,0.0
0.0,34.0,0.0,21.0,0.0,0.0,10.0,57.0,0.0,1.0,80.0,0.0,2.0,0.0,0.0
0.0,0.0,23.0,0.0,0.0,0.0,0.0,0.0,0.0,0.0,0.0,26.0,94.0,42.0,0.0
0.0,0.0,0.0,91.0,31.0,0.0,85.0,31.0,99.0,0.0,91.0,0.0,0.0,0.0,8.0
66.0,0.0,81.0,67.0,0.0,79.0,0.0,0.0,31.0,68.0,0.0,0.0,0.0,0.0,0.0
63.0,62.0,95.0,80.0,45.0,0.0,17.0,62.0,20.0,0.0,0.0,53.0,82.0,0.0,0.0
76.0,47.0,27.0,45.0,61.0,57.0,0.0,95.0,43.0,0.0,0.0,24.0,0.0,43.0,36.0
72.0,46.0,0.0,70.0,0.0,19.0,21.0,94.0,0.0,0.0,0.0,0.0,0.0,0.0,15.0
12.0,0.0,81.0,0.0,87.0,58.0,0.0,70.0,31.0,0.0,0.0,0.0,72.0,0.0,0.0
52.0,64.0,18.0,0.0,93.0,13.0,0.0,0.0,0.0,0.0,21.0,0.0,10.0,0.0,0.0
41.0,20.0,82.0,0.0,45.0,0.0,44.0,0.0,0.0,0.0,0.0,68.0,39.0,0.0,0.0
57.0,0.0,0.0,0.0,0.0,0.0,18.0,76.0,0.0,0.0,45.0,0.0,35.0,27.0,39.0
0.0,21.0,2.0,0.0,27.0,83.0,0.0,0.0,62.0,0.0,46.0,28.0,8.0,85.0,68.0
58.0,41.0,0.0,0.0,48.0,0.0,74.0,0.0,71.0,47.0,0.0,0.0,0.0,0.0,12.0
29.0,99.0,63.0,0.0,0.0,30.0,16.0,0.0,77.0,0.0,0.0,40.0,2.0,0.0,0.0
64.0,0.0,0.0,47.0,0.0,0.0,0.0,38.0,64.0,23.0,0.0,0.0,0.0,0.0,96.0
0.0,69.0,0.0,24.0,0.0,54.0,32.0,83.0,0.0,67.0,0.0,32.0,60.0,0.0,69.0
0.0,0.0,67.0,32.0,0.0,0.0,28.0,73.0,68.0,77.0,0.0,28.0,0.0,11.0,7.0
0.0,6.0,91.0,0.0,0.0,0.0,0.0,96.0,0.0,0.0,97.0,59.0,75.0,81.0,99.0
18.0,23.0,0.0,0.0,12.0,0.0,0.0,0.0,0.0,0.0,0.0,0.0,0.0,0.0,17.0
0.0,14.0,29.0,0.0,79.0,0.0,0.0,0.0,0.0,75.0,0.0,24.0,0.0,85.0,0.0
9.0,0.0,9.0,82.0,38.0,0.0,0.0,6.0,43.0,19.0,75.0,0.0,0.0,59.0,40.0
38.0,67.0,85.0,0.0,42.0,0.0,38.0,0.0,89.0,53.0,51.0,4.0,33.0,0.0,8.0
32.0,0.0,82.0,0.0,60.0,0.0,73.0,0.0,10.0,0.0,0.0,0.0,31.0,53.0,0.0
78.0,78.0,41.0,0.0,0.0,0.0,94.0,0.0,69.0,0.0,0.0,0.0,0.0,41.0,53.0
0.0,96.0,96.0,80.0,32.0,0.0,0.0,43.0,5.0,0.0,0.0,0.0,0.0,0.0,0.0
45.0,0.0,21.0,95.0,0.0,10.0,0.0,42.0,0.0,0.0,0.0,0.0,0.0,4.0,0.0
0.0,24.0,0.0,9.0,4.0,0.0,48.0,64.0,0.0,0.0,0.0,3.0,2.0,10.0,0.0
89.0,2.0,0.0,91.0,0.0,0.0,0.0,21.0,0.0,0.0,0.0,13.0,0.0,47.0,0.0
66.0,10.0,63.0,0.0,57.0,13.0,0.0,39.0,0.0,49.0,69.0,0.0,30.0,6.0,22.0
0.0,65.0,11.0,5.0,0.0,93.0,0.0,0.0,89.0,0.0,0.0,13.0,56.0,0.0,0.0
0.0,61.0,0.0,40.0,0.0,0.0,0.0,54.0,26.0,64.0,48.0,0.0,0.0,45.0,0.0
0.0,54.0,20.0,1.0,97.0,0.0,26.0,0.0,32.0,0.0,11.0,96.0,0.0,0.0,0.0
86.0,0.0,0.0,0.0,0.0,75.0,0.0,87.0,0.0,36.0,0.0,35.0,7.0,0.0,77.0
2.0,8.0,12.0,32.0,0.0,0.0,0.0,0.0,59.0,77.0,30.0,88.0,70.0,0.0,0.0
30.0,85.0,0.0,30.0,86.0,0.0,0.0,24.0,0.0,75.0,78.0,60.0,40.0,0.0,42.0
56.0,56.0,64.0,27.0,0.0,66.0,53.0,0.0,0.0,5.0,32.0,74.0,79.0,0.0,82.0
0.0,34.0,39.0,0.0,43.0,74.0,0.0,0.0,0.0,53.0,0.0,27.0,28.0,0.0,0.0
0.0,0.0,0.0,0.0,0.0,0.0,38.0,95.0,97.0,3.0,15.0,93.0,47.0,0.0,81.0
81.0,32.0,0.0,75.0,0.0,22.0,0.0,29.0,61.0,0.0,0.0,0.0,12.0,87.0,29.0
59.0,12.0,0.0,0.0,0.0,41.0,0.0,12.0,5.0,90.0,0.0,86.0,0.0,0.0,84.0
0.0,0.0,98.0,0.0,57.0,62.0,0.0,0.0,0.0,0.0,65.0,76.0,45.0,4.0,66.0
5.0,0.0,89.0,35.0,0.0,0.0,2.0,68.0,0.0,0.0,0.0,98.0,83.0,0.0,0.0
0.0,0.0,52.0,0.0,49.0,28.0,59.0,3.0,15.0,64.0,0.0,0.0,65.0,16.0,0.0
0.0,0.0,90.0,66.0,20.0,84.0,67.0,84.0,66.0,0.0,15.0,72.0,74.0,0.0,0.0
81.0,0.0,0.0,0.0,0.0,0.0,61.0,87.0,0.0,0.0,0.0,19.0,4.0,0.0,93.0
69.0,0.0,28.0,0.0,32.0,95.0,0.0,0.0,76.0,38.0,97.0,69.0,22.0,28.0,80.0
39.0,0.0,8.0,0.0,0.0,62.0,78.0,17.0,97.0,78.0,0.0,18.0,0.0,15.0,0.0
0.0,97.0,0.0,0.0,0.0,16.0,48.0,82.0,0.0,0.0,0.0,5.0,72.0,2.0,0.0
35.0,47.0,0.0,0.0,21.0,57.0,28.0,22.0,28.0,0.0,0.0,0.0,0.0,0.0,0.0
0.0,0.0,0.0,49.0,6.0,92.0,0.0,0.0,0.0,0.0,15.0,86.0,0.0,41.0,60.0
0.0,0.0,24.0,94.0,0.0,0.0,73.0,45.0,15.0,34.0,0.0,0.0,27.0,0.0,0.0
0.0,0.0,0.0,0.0,53.0,81.0,0.0,54.0,95.0,0.0,0.0,6.0,38.0,28.0,0.0
0.0,12.0,30.0,45.0,40.0,23.0,0.0,8.0,0.0,82.0,0.0,94.0,0.0,0.0,51.0
0.0,0.0,67.0,0.0,0.0,65.0,0.0,0.0,0.0,48.0,0.0,32.0,0.0,0.0,60.0
88.0,0.0,0.0,0.0,0.0,0.0,0.0,82.0,0.0,92.0,13.0,55.0,5.0,1.0,4.0
39.0,99.0,20.0,0.0,13.0,0.0,0.0,38.0,24.0,0.0,27.0,19.0,75.0,0.0,67.0
81.0,54.0,0.0,0.0,25.0,39.0,43.0,3.0,26.0,0.0,0.0,0.0,0.0,63.0,0.0
73.0,0.0,25.0,0.0,35.0,0.0,72.0,0.0,84.0,0.0,77.0,0.0,38.0,0.0,0.0
0.0,0.0,53.0,98.0,19.0,0.0,56.0,19.0,40.0,85.0,51.0,55.0,0.0,0.0,0.0
0.0,0.0,0.0,60.0,0.0,47.0,8.0,0.0,51.0,0.0,36.0,74.0,0.0,0.0,34.0
53.0,63.0,67.0,94.0,37.0,3.0,0.0,49.0,0.0,34.0,0.0,0.0,16.0,67.0,0.0
0.0,0.0,85.0,34.0,0.0,0.0,0.0,0.0,0.0,53.0,92.0,0.0,0.0,0.0,54.0
32.0,0.0,0.0,26.0,41.0,0.0,92.0,0.0,36.0,0.0,84.0,0.0,0.0,0.0,95.0
36.0,0.0,0.0,29.0,81.0,2.0,89.0,0.0,53.0,0.0,65.0,0.0,0.0,6.0,68.0
98.0,0.0,98.0,0.0,50.0,0.0,27.0,98.0,0.0,68.0,99.0,63.0,42.0,0.0,55.0
0.0,0.0,19.0,60.0,77.0,0.0,0.0,0.0,45.0,0.0,26.0,0.0,73.0,34.0,0.0
66.0,0.0,0.0,0.0,0.0,62.0,61.0,0.0,0.0,0.0,84.0,0.0,90.0,0.0,9.0
70.0,68.0,70.0,0.0,92.0,0.0,13.0,63.0,53.0,40.0,0.0,61.0,65.0,22.0,0.0
0.0,42.0,0.0,70.0,82.0,0.0,0.0,0.0,0.0,61.0,0.0,71.0,0.0,23.0,0.0
0.0,32.0,0.0,0.0,0.0,0.0,12.0,0.0,0.0,77.0,36.0,85.0,27.0,69.0,0.0
0.0,0.0,93.0,41.0,82.0,77.0,0.0,0.0,64.0,68.0,0.0,0.0,0.0,0.0,15.0
0.0,0.0,48.0,27.0,0.0,0.0,25.0,60.0,0.0,0.0,0.0,0.0,72.0,0.0,0.0
0.0,0.0,73.0,0.0,0.0,80.0,0.0,20.0,0.0,42.0,0.0,60.0,77.0,20.0,23.0
0.0,0.0,0.0,12.0,55.0,0.0,48.0,33.0,0.0,0.0,0.0,0.0,0.0,0.0,46.0
18.0,0.0,0.0,15.0,0.0,0.0,0.0,65.0,0.0,85.0,0.0,82.0,0.0,17.0,40.0
0.0,0.0,0.0,0.0,61.0,0.0,0.0,0.0,0.0,0.0,0.0,17.0,0.0,47.0,39.0
34.0,0.0,77.0,44.0,0.0,0.0,53.0,71.0,0.0,0.0,61.0,2.0,0.0,0.0,41.0
10.0,65.0,74.0,21.0,16.0,70.0,57.0,78.0,1.0,73.0,55.0,96.0,0.0,23.0,0.0
77.0,0.0,6.0,59.0,0.0,0.0,13.0,0.0,0.0,0.0,0.0,5.0,0.0,0.0,0.0
0.0,0.0,0.0,8.0,4.0,0.0,79.0,0.0,6.0,0.0,19.0,0.0,58.0,35.0,0.0
0.0,11.0,0.0,0.0,0.0,10.0,2.0,0.0,3.0,15.0,0.0,0.0,14.0,0.0,0.0
0.0,41.0,0.0,87.0,0.0,47.0,13.0,0.0,0.0,42.0,73.0,69.0,0.0,21.0,5.0
79.0,14.0,0.0,0.0,2.0,0.0,22.0,65.0,0.0,0.0,89.0,0.0,15.0,57.0,0.0
35.0,11.0,0.0,0.0,0.0,53.0,24.0,51.0,0.0,79.0,5.0,0.0,0.0,0.0,0.0
96.0,87.0,31.0,0.0,6.0,0.0,0.0,0.0,0.0,0.0,19.0,0.0,66.0,85.0,0.0
50.0,60.0,77.0,55.0,0.0,93.0,71.0,0.0,0.0,0.0,0.0,0.0,0.0,0.0,0.0
0.0,76.0,0.0,47.0,0.0,84.0,73.0,88.0,0.0,34.0,0.0,0.0,76.0,0.0,0.0
84.0,0.0,0.0,30.0,0.0,57.0,0.0,0.0,24.0,52.0,71.0,10.0,18.0,0.0,0.0
0.0,0.0,36.0,87.0,67.0,41.0,98.0,0.0,0.0,0.0,81.0,0.0,0.0,75.0,0.0
54.0,96.0,16.0,59.0,0.0,64.0,0.0,0.0,94.0,0.0,86.0,0.0,0.0,48.0,0.0
2.0,0.0,0.0,0.0,90.0,77.0,8.0,30.0,66.0,74.0,76.0,27.0,0.0,29.0,88.0
0.0,0.0,0.0,0.0,80.0,0.0,58.0,0.0,0.0,59.0,0.0,0.0,0.0,40.0,0.0
0.0,13.0,0.0,0.0,92.0,13.0,22.0,0.0,72.0,0.0,45.0,46.0,0.0,93.0,0.0
14.0,36.0,0.0,0.0,0.0,0.0,0.0,42.0,0.0,0.0,47.0,0.0,0.0,86.0,0.0
0.0,0.0,88.0,0.0,57.0,88.0,0.0,0.0,57.0,0.0,0.0,35.0,0.0,0.0,60.0
0.0,0.0,59.0,72.0,97.0,0.0,0.0,1.0,0.0,37.0,0.0,0.0,23.0,75.0,52.0
44.0,27.0,26.0,12.0,0.0,64.0,27.0,0.0,32.0,60.0,43.0,0.0,0.0,0.0,0.0
0.0,81.0,0.0,0.0,32.0,48.0,1.0,0.0,13.0,85.0,69.0,0.0,13.0,0.0,0.0
94.0,0.0,0.0,0.0,0.0,74.0,0.0,87.0,0.0,0.0,0.0,0.0,0.0,0.0,47.0
51.0,0.0,0.0,0.0,0.0,0.0,28.0,97.0,64.0,27.0,0.0,0.0,45.0,0.0,0.0
7.0,0.0,11.0,0.0,54.0,0.0,23.0,0.0,0.0,0.0,81.0,0.0,29.0,0.0,80.0
57.0,0.0,31.0,77.0,53.0,0.0,0.0,40.0,0.0,93.0,0.0,21.0,57.0,0.0,0.0
0.0,0.0,0.0,47.0,0.0,0.0,0.0,89.0,72.0,5.0,0.0,48.0,0.0,0.0,20.0
96.0,59.0,0.0,8.0,0.0,0.0,0.0,0.0,72.0,0.0,0.0,39.0,4.0,0.0,65.0
15.0,65.0,26.0,63.0,0.0,0.0,0.0,0.0,0.0,0.0,82.0,0.0,10.0,5.0,0.0
99.0,84.0,78.0,0.0,10.0,83.0,0.0,0.0,0.0,91.0,0.0,78.0,0.0,0.0,58.0
29.0,0.0,0.0,0.0,0.0,38.0,0.0,40.0,65.0,0.0,0.0,0.0,0.0,53.0,87.0
91.0,71.0,0.0,37.0,32.0,0.0,0.0,0.0,39.0,0.0,0.0,0.0,0.0,0.0,0.0
8.0,5.0,0.0,65.0,0.0,62.0,0.0,0.0,60.0,0.0,0.0,0.0,4.0,0.0,0.0
38.0,63.0,69.0,84.0,0.0,0.0,60.0,0.0,0.0,0.0,0.0,10.0,48.0,11.0,41.0
0.0,53.0,0.0,0.0,0.0,92.0,0.0,84.0,68.0,89.0,27.0,99.0,41.0,0.0,0.0
86.0,72.0,0.0,0.0,63.0,17.0,0.0,46.0,0.0,0.0,0.0,78.0,25.0,78.0,0.0
86.0,0.0,0.0,0.0,74.0,0.0,41.0,0.0,65.0,0.0,0.0,44.0,66.0,0.0,0.0
10.0,9.0,67.0,90.0,0.0,34.0,12.0,0.0,85.0,99.0,0.0,35.0,0.0,10.0,48.0
0.0,97.0,20.0,0.0,0.0,32.0,0.0,0.0,0.0,0.0,0.0,63.0,0.0,67.0,3.0
88.0,0.0,0.0,0.0,27.0,0.0,0.0,0.0,1.0,0.0,25.0,25.0,61.0,0.0,0.0
0.0,51.0,0.0,0.0,0.0,10.0,22.0,0.0,0.0,0.0,0.0,58.0,0.0,0.0,0.0
0.0,0.0,52.0,22.0,0.0,68.0,41.0,37.0,95.0,0.0,0.0,0.0,0.0,31.0,47.0
0.0,59.0,42.0,0.0,40.0,0.0,12.0,2.0,12.0,17.0,0.0,51.0,0.0,0.0,50.0
12.0,25.0,76.0,14.0,0.0,2.0,0.0,41.0,0.0,0.0,0.0,90.0,0.0,53.0,73.0
6.0,0.0,0.0,0.0,0.0,0.0,2.0,0.0,50.0,2.0,4.0,65.0,82.0,0.0,0.0
0.0,0.0,0.0,67.0,65.0,0.0,78.0,33.0,26.0,55.0,0.0,23.0,35.0,94.0,0.0
5.0,56.0,0.0,0.0,0.0,0.0,0.0,23.0,0.0,0.0,16.0,0.0,23.0,52.0,14.0
17.0,80.0,0.0,0.0,0.0,0.0,0.0,0.0,86.0,93.0,0.0,0.0,57.0,0.0,88.0
21.0,0.0,0.0,42.0,16.0,0.0,86.0,0.0,0.0,63.0,85.0,34.0,0.0,0.0,77.0
0.0,11.0,8.0,0.0,90.0,0.0,0.0,0.0,6.0,42.0,0.0,0.0,31.0,52.0,33.0
79.0,0.0,4.0,0.0,47.0,30.0,0.0,52.0,0.0,0.0,67.0,0.0,0.0,16.0,0.0
53.0,32.0,98.0,39.0,26.0,0.0,0.0,94.0,32.0,0.0,0.0,73.0,0.0,14.0,0.0
80.0,0.0,0.0,0.0,0.0,0.0,0.0,0.0,0.0,21.0,0.0,70.0,0.0,0.0,0.0
87.0,4.0,68.0,0.0,22.0,48.0,0.0,0.0,5.0,93.0,0.0,0.0,41.0,20.0,31.0
0.0,48.0,29.0,80.0,86.0,0.0,0.0,34.0,5.0,17.0,10.0,53.0,0.0,0.0,0.0
0.0,0.0,78.0,97.0,0.0,8.0,0.0,0.0,48.0,0.0,89.0,57.0,0.0,96.0,44.0
52.0,31.0,54.0,0.0,39.0,55.0,76.0,42.0,0.0,79.0,0.0,0.0,41.0,27.0,0.0
31.0,0.0,0.0,78.0,28.0,0.0,0.0,23.0,57.0,0.0,44.0,2.0,0.0,91.0,88.0
12.0,0.0,0.0,0.0,56.0,78.0,56.0,37.0,62.0,0.0,64.0,0.0,0.0,0.0,85.0
99.0,0.0,80.0,0.0,86.0,0.0,0.0,0.0,0.0,0.0,0.0,0.0,0.0,40.0,12.0
94.0,0.0,39.0,0.0,41.0,73.0,0.0,24.0,0.0,37.0,35.0,5.0,0.0,31.0,0.0
29.0,0.0,0.0,98.0,0.0,0.0,48.0,0.0,0.0,97.0,0.0,0.0,28.0,71.0,55.0
38.0,7.0,0.0,0.0,20.0,0.0,46.0,41.0,53.0,0.0,2.0,0.0,54.0,0.0,15.0
0.0,0.0,0.0,20.0,69.0,56.0,19.0,21.0,41.0,0.0,0.0,0.0,0.0,0.0,0.0
13.0,68.0,9.0,93.0,26.0,87.0,0.0,0.0,11.0,0.0,39.0,97.0,38.0,10.0,34.0
0.0,0.0,61.0,50.0,0.0,0.0,88.0,64.0,5.0,34.0,0.0,0.0,0.0,0.0,39.0
98.0,0.0,0.0,39.0,47.0,33.0,0.0,48.0,56.0,93.0,0.0,59.0,74.0,57.0,38.0
86.0,0.0,0.0,0.0,0.0,0.0,26.0,89.0,51.0,51.0,29.0,0.0,62.0,0.0,26.0
8.0,66.0,0.0,0.0,0.0,0.0,44.0,1.0,55.0,0.0,0.0,47.0,0.0,80.0,65.0
67.0,60.0,55.0,0.0,24.0,58.0,0.0,10.0,0.0,0.0,10.0,0.0,76.0,0.0,0.0
0.0,0.0,0.0,51.0,26.0,48.0,49.0,0.0,60.0,0.0,47.0,0.0,84.0,35.0,0.0
63.0,11.0,19.0,62.0,59.0,46.0,94.0,73.0,14.0,0.0,0.0,0.0,89.0,19.0,0.0
8.0,12.0,0.0,0.0,41.0,0.0,0.0,78.0,39.0,81.0,60.0,0.0,0.0,21.0,66.0
0.0,0.0,0.0,0.0,0.0,2.0,76.0,34.0,0.0,74.0,45.0,0.0,73.0,0.0,0.0
5.0,89.0,0.0,0.0,0.0,80.0,72.0,85.0,55.0,45.0,0.0,0.0,0.0,0.0,35.0
0.0,86.0,0.0,0.0,0.0,0.0,0.0,78.0,57.0,51.0,76.0,65.0,97.0,54.0,0.0
92.0,4.0,0.0,26.0,29.0,68.0,26.0,41.0,40.0,95.0,0.0,0.0,76.0,0.0,51.0
0.0,0.0,0.0,0.0,0.0,21.0,11.0,0.0,0.0,0.0,0.0,0.0,0.0,18.0,13.0
0.0,0.0,0.0,39.0,56.0,87.0,0.0,0.0,37.0,2.0,0.0,20.0,29.0,0.0,62.0
0.0,0.0,0.0,96.0,14.0,0.0,79.0,0.0,0.0,0.0,16.0,34.0,61.0,69.0,0.0
36.0,76.0,96.0,96.0,0.0,45.0,0.0,0.0,0.0,0.0,0.0,85.0,0.0,0.0,26.0
0.0,72.0,35.0,0.0,0.0,82.0,44.0,51.0,65.0,0.0,45.0,0.0,25.0,0.0,29.0
66.0,93.0,0.0,89.0,0.0,38.0,38.0,27.0,0.0,36.0,14.0,31.0,83.0,88.0,0.0
0.0,31.0,10.0,0.0,0.0,0.0,0.0,27.0,10.0,0.0,11.0,0.0,8.0,0.0,0.0
14.0,86.0,0.0,0.0,50.0,68.0,0.0,0.0,0.0,0.0,17.0,0.0,73.0,78.0,89.0
89.0,0.0,28.0,0.0,32.0,62.0,45.0,0.0,0.0,60.0,0.0,0.0,0.0,0.0,10.0
36.0,72.0,22.0,34.0,93.0,0.0,0.0,3.0,0.0,49.0,0.0,0.0,20.0,0.0,0.0
0.0,0.0,10.0,0.0,0.0,0.0,0.0,27.0,0.0,0.0,0.0,19.0,0.0,59.0,0.0
0.0,38.0,0.0,0.0,32.0,86.0,0.0,0.0,79.0,0.0,0.0,0.0,0.0,0.0,29.0
76.0,81.0,60.0,32.0,0.0,45.0,0.0,0.0,5.0,49.0,10.0,4.0,0.0,38.0,0.0
99.0,22.0,96.0,62.0,88.0,78.0,21.0,0.0,45.0,0.0,29.0,12.0,22.0,89.0,85.0
25.0,60.0,0.0,96.0,40.0,68.0,68.0,0.0,66.0,42.0,0.0,88.0,44.0,0.0,67.0
0.0,60.0,88.0,0.0,0.0,0.0,78.0,0.0,0.0,0.0,5.0,5.0,80.0,69.0,59.0
0.0,74.0,73.0,0.0,0.0,30.0,90.0,0.0,0.0,0.0,88.0,87.0,0.0,0.0,0.0
0.0,0.0,0.0,0.0,18.0,51.0,68.0,0.0,0.0,0.0,0.0,20.0,0.0,18.0,19.0
0.0,60.0,65.0,97.0,68.0,0.0,71.0,34.0,0.0,21.0,0.0,0.0,28.0,0.0,0.0
0.0,0.0,2.0,47.0,0.0,40.0,0.0,72.0,0.0,0.0,9.0,75.0,0.0,30.0,0.0
0.0,67.0,91.0,0.0,0.0,55.0,0.0,0.0,60.0,0.0,0.0,0.0,0.0,20.0,0.0
0.0,0.0,0.0,0.0,35.0,0.0,0.0,17.0,75.0,0.0,0.0,0.0,0.0,0.0,0.0
0.0,0.0,0.0,86.0,0.0,0.0,0.0,0.0,0.0,0.0,0.0,81.0,30.0,0.0,90.0
0.0,0.0,15.0,93.0,0.0,0.0,0.0,0.0,5.0,2.0,1.0,0.0,0.0,89.0,0.0
0.0,27.0,0.0,79.0,32.0,46.0,37.0,17.0,34.0,79.0,17.0,0.0,0.0,0.0,10.0
0.0,1.0,0.0,0.0,0.0,0.0,0.0,0.0,0.0,0.0,23.0,42.0,0.0,76.0,80.0
0.0,15.0,0.0,0.0,0.0,0.0,0.0,67.0,73.0,4.0,45.0,78.0,0.0,0.0,0.0
13.0,0.0,42.0,84.0,0.0,32.0,0.0,61.0,0.0,14.0,2.0,0.0,55.0,0.0,0.0
20.0,45.0,35.0,87.0,30.0,77.0,43.0,0.0,33.0,52.0,0.0,84.0,0.0,0.0,12.0
0.0,0.0,2.0,0.0,0.0,0.0,78.0,0.0,24.0,0.0,0.0,0.0,85.0,0.0,0.0
27.0,60.0,0.0,53.0,0.0,0.0,8.0,0.0,42.0,19.0,51.0,41.0,0.0,93.0,29.0
0.0,0.0,0.0,0.0,89.0,21.0,71.0,0.0,51.0,0.0,0.0,0.0,0.0,16.0,0.0
0.0,0.0,12.0,0.0,55.0,0.0,0.0,0.0,63.0,0.0,29.0,62.0,0.0,3.0,0.0
85.0,12.0,0.0,0.0,0.0,41.0,0.0,0.0,7.0,69.0,0.0,51.0,95.0,0.0,0.0
